,Unnamed: 0,state,year,EV Registrations,Total Vehicles,EV Share (%),Stations,Total Charging Outlets,Level 1,Level 2,DC Fast,fuel_economy,Incentives,Number of Metro Organizing Committees,Population_20_64,Education_Bachelor,Labour_Force_Participation_Rate,Unemployment_Rate,Bachelor_Attainment,Per_Cap_Income,affectweather,devharm,discuss,exp,localofficials,personal,reducetax,regulate,worried,price_cents_per_kwh,gasoline_price_per_gallon,Total,Trucks,Trucks_Share,Party
0,0,Alabama,2023,13000,4835900,0.27,424,1096,35,704,357,26.30215827,16.0,14.0,2900643.0,772092.0,74.1,3.5,26.62,35046.0,50.28,58.17,27.69,36.36,51.68,39.06,62.16,69.01,54.95,11.47,2.742,5446619.0,3397136.694,62.37,Republican
1,1,Alaska,2023,2700,559800,0.48,65,124,3,87,34,26.30215827,15.0,2.0,440628.0,126853.0,79.2,4.5,28.79,45792.0,60.66,65.95,38.61,43.68,53.11,43.28,65.38,71.61,62.49,21.41,3.594,680974.0,517524.9903,76.0,Republican
2,2,Arizona,2023,89800,6529000,1.38,1198,3506,9,2478,1019,26.30215827,50.0,8.0,4211120.0,1264694.0,77.9,3.8,30.03,41290.0,63.12,65.85,37.28,44.87,55.67,46.92,64.73,73.19,64.32,12.19,3.278,6447062.0,3868117.861,60.0,Democratic
3,3,Arkansas,2023,7100,2708300,0.26,334,833,3,709,121,26.30215827,24.0,8.0,1731063.0,419237.0,74.5,3.9,24.22,33012.0,52.43,60.02,28.37,37.78,50.82,39.08,63.39,68.58,56.21,9.73,2.76,3338322.0,2291924.212,68.65,Republican
4,4,California,2023,1256600,36850300,3.41,16381,49433,648,38217,10548,26.30215827,151.0,18.0,23173030.0,7978166.0,79.2,5.2,34.43,48013.0,68.39,72.79,42.73,52.83,60.48,53.19,72.08,76.3,71.24,24.87,4.731,31057329.0,16757878.09,53.96,Democratic
5,5,Colorado,2023,90100,5441800,1.66,2165,5432,90,4414,928,26.30215827,97.0,5.0,3569927.0,1512640.0,83.4,3.4,42.37,51768.0,67.94,69.2,41.85,46.94,56.37,46.66,66.86,74.75,67.15,11.76,3.152,5211580.0,3619329.359,69.45,Democratic
6,6,Connecticut,2023,31600,2945700,1.07,865,2547,64,2065,417,26.30215827,44.0,8.0,2102108.0,849843.0,82.7,4.3,40.43,53119.0,68.82,70.97,39.13,47.45,58.01,47.0,72.51,77.92,69.1,24.24,3.043,2837111.0,1652722.745,58.25,Democratic
7,7,Delaware,2023,8400,914700,0.92,197,523,5,321,197,26.30215827,31.0,4.0,572873.0,191352.0,80.8,3.3,33.4,44350.0,62.94,68.12,35.47,46.12,58.49,47.1,65.97,73.81,62.85,12.85,2.964,445240.0,262590.6036,58.98,Democratic
8,8,District Of Columbia,2023,8100,312100,2.6,369,1158,26,1081,51,26.30215827,,2.0,444851.0,274268.0,85.6,5.1,61.65,78479.0,77.86,79.87,46.77,59.52,68.66,58.57,76.55,82.28,76.05,16.5,3.174,,,,
9,9,Florida,2023,254900,18583200,1.37,3430,9763,364,7235,2164,26.30215827,69.0,27.0,12789695.0,4148663.0,78.5,3.8,32.44,41902.0,61.4,65.94,34.49,44.86,58.67,47.25,66.88,74.41,63.49,13.53,3.117,19519552.0,11384590.43,58.32,Republican
10,10,Georgia,2023,92400,9642400,0.96,1886,4994,230,3675,1089,26.30215827,32.0,16.0,6493223.0,2138391.0,78.3,4.2,32.93,39685.0,60.57,61.26,32.95,43.74,57.37,46.27,66.48,72.64,61.86,11.06,2.908,9195822.0,5648441.847,61.42,Democratic
11,11,Hawaii,2023,25600,1080100,2.37,384,860,26,766,68,26.30215827,29.0,2.0,807278.0,272677.0,80.4,3.4,33.78,43794.0,67.49,73.66,42.2,53.04,60.68,53.07,72.19,76.13,69.9,38.6,4.458,1262693.0,799354.3701,63.31,Democratic
12,12,Idaho,2023,8500,1974600,0.43,205,517,10,371,136,26.30215827,32.0,5.0,1096727.0,320388.0,78.5,3.0,29.21,37426.0,56.44,60.64,32.8,39.84,51.27,41.11,60.83,70.58,57.74,9.08,3.3,2057655.401,1447821.051,70.36,Republican
13,13,Illinois,2023,99600,10043200,0.99,1337,3510,51,2489,970,26.30215827,65.0,16.0,7322239.0,2666297.0,81.4,4.5,36.41,45043.0,66.31,68.31,37.06,43.61,56.88,45.17,71.01,77.63,65.81,11.75,3.373,10139685.0,6292796.286,62.06,Democratic
14,14,Indiana,2023,26100,6172100,0.42,565,1533,8,1017,508,26.30215827,58.0,14.0,3906988.0,1107753.0,80.1,3.3,28.35,37299.0,54.12,59.36,29.6,35.3,49.93,37.51,60.84,70.26,54.03,11.49,3.135,5775462.0,3778325.741,65.42,Republican
15,15,Iowa,2023,9000,3153300,0.29,371,855,4,544,307,26.30215827,42.0,9.0,1794013.0,529724.0,83.2,2.5,29.53,39518.0,57.54,63.38,32.92,36.93,49.31,36.74,63.45,69.77,58.08,9.42,2.943,3827780.0,2583406.534,67.49,Republican
16,16,Kansas,2023,11300,2621100,0.43,547,1196,14,960,222,26.30215827,12.0,5.0,1652132.0,540476.0,81.7,2.9,32.71,38361.0,57.45,62.03,32.15,39.18,51.15,39.87,62.57,69.56,58.21,10.8,2.822,2472852.0,1618645.227,65.46,Republican
17,17,Kentucky,2023,11600,4039700,0.29,328,849,24,617,208,26.30215827,26.0,9.0,2602706.0,684577.0,75.0,3.8,26.3,34676.0,48.8,57.41,28.42,34.63,48.57,36.69,57.48,67.59,52.25,9.96,2.85,4551497.0,2929436.219,64.36,Republican
18,18,Louisiana,2023,8200,3774200,0.22,265,709,21,469,219,26.30215827,21.0,8.0,2601688.0,645238.0,74.0,4.6,24.8,34102.0,55.6,59.76,29.38,41.07,53.44,42.24,64.64,69.07,58.42,8.91,2.707,4522457.0,2975222.754,65.79,Republican
19,19,Maine,2023,7400,1236000,0.6,486,1084,22,840,222,26.30215827,22.0,4.0,796747.0,271638.0,79.9,2.9,34.09,42936.0,64.48,67.17,37.08,44.1,53.94,42.78,64.24,74.0,62.3,20.84,2.967,1366649.0,939045.3913,68.71,Democratic
20,20,Maryland,2023,72100,5060000,1.42,1726,5022,39,4054,929,26.30215827,67.0,7.0,3598506.0,1470676.0,82.8,3.7,40.87,50728.0,69.56,72.47,40.01,49.26,61.96,49.71,74.59,78.39,70.24,14.34,3.058,4935108.0,2846054.26,57.67,Democratic
21,21,Massachusetts,2023,73800,5491100,1.34,2965,7032,66,6300,666,26.30215827,75.0,10.0,4161612.0,1881293.0,82.9,3.7,45.21,55897.0,72.35,72.74,42.76,50.24,59.35,48.75,73.17,79.5,71.31,23.21,2.947,5239321.0,3238412.322,61.81,Democratic
22,22,Michigan,2023,50300,8525400,0.59,1447,3352,13,2629,703,26.30215827,45.0,13.0,5735546.0,1770434.0,78.2,4.1,30.87,38952.0,63.14,65.33,34.5,41.71,55.24,42.68,68.85,76.15,62.2,13.68,3.199,9907454.0,6919504.089,69.84,Democratic
23,23,Minnesota,2023,37100,5118500,0.72,773,1995,73,1484,438,26.30215827,128.0,8.0,3264485.0,1249751.0,85.1,2.7,38.28,46530.0,64.96,68.74,37.9,42.94,53.56,41.45,67.56,73.39,64.07,12.21,2.977,5848091.0,3944280.943,67.45,Democratic
24,24,Mississippi,2023,3600,2723300,0.13,163,551,139,297,115,26.30215827,20.0,4.0,1656557.0,386963.0,73.4,4.3,23.36,30807.0,51.97,56.09,27.8,38.11,53.61,41.09,64.59,70.5,56.79,10.95,2.643,2228844.0,1400621.82,62.84,Republican
25,25,Missouri,2023,26900,5626000,0.48,1240,2703,15,2248,440,26.30215827,57.0,9.0,3523313.0,1100990.0,80.0,3.0,31.25,38699.0,57.33,60.99,31.49,38.98,51.65,39.79,63.21,69.96,57.87,10.87,2.833,5504704.0,3610787.136,65.59,Republican
26,26,Montana,2023,4600,1021700,0.45,126,347,3,180,164,26.30215827,25.0,3.0,639167.0,196020.0,79.8,2.6,30.67,40197.0,57.52,61.79,35.43,36.76,48.51,36.84,60.63,69.29,57.8,10.97,3.15,2357075.0,1433110.993,60.8,Republican
27,27,Nebraska,2023,6900,1971200,0.35,260,554,1,400,153,26.30215827,19.0,4.0,1106920.0,367114.0,84.8,2.3,33.17,41436.0,56.28,61.22,31.91,36.91,49.33,37.47,62.73,69.01,57.53,9.14,3.001,1974401.0,1337028.255,67.72,Republican
28,28,Nevada,2023,47400,2556100,1.85,596,1987,15,1348,624,26.30215827,23.0,4.0,1881744.0,490564.0,78.8,4.3,26.07,40463.0,61.34,65.61,35.27,44.33,56.22,47.07,64.35,72.33,63.12,13.09,3.804,2681539.0,1605276.909,59.86,Democratic
29,29,New Hampshire,2023,9900,1383700,0.72,261,597,5,415,177,26.30215827,41.0,4.0,824809.0,314940.0,82.4,2.3,38.18,51587.0,64.77,67.11,37.59,43.11,53.52,41.42,67.7,75.01,64.03,22.96,2.857,1405435.0,901293.9566,64.13,Democratic
30,30,New Jersey,2023,134800,7324100,1.84,1299,3723,16,2704,1003,26.30215827,49.0,3.0,5416974.0,2274359.0,82.5,4.4,41.99,52583.0,69.0,73.88,38.11,46.93,60.42,49.46,74.68,79.88,70.55,15.27,2.97,5991811.0,3553870.207,59.31,Democratic
31,31,New Mexico,2023,10300,1952400,0.53,278,695,10,441,244,26.30215827,40.0,5.0,1188793.0,321193.0,75.1,4.8,27.02,35510.0,60.84,67.25,36.38,43.4,56.1,47.13,62.93,70.59,63.66,9.47,2.872,1909072.0,1243681.509,65.15,Democratic
32,32,New York,2023,131300,11318600,1.16,3898,11114,38,9717,1359,26.30215827,91.0,14.0,11481964.0,4471107.0,79.3,4.7,38.94,48847.0,70.45,71.89,38.84,48.53,61.76,51.89,75.02,80.65,71.58,18.28,3.071,9361933.386,5418756.811,57.88,Democratic
33,33,North Carolina,2023,70200,9085500,0.77,1595,4204,37,3188,979,26.30215827,61.0,18.0,6296112.0,2155719.0,78.9,3.7,34.24,40414.0,61.26,65.17,34.76,43.35,56.78,44.39,67.82,73.52,62.74,10.61,2.913,8752729.0,5446917.155,62.23,Republican
34,34,North Dakota,2023,1000,797400,0.13,98,209,0,121,88,26.30215827,14.0,3.0,445316.0,140873.0,85.9,2.4,31.63,42814.0,48.42,53.21,28.7,30.59,43.51,31.58,54.02,62.4,49.35,8.03,2.963,1060838.0,792596.8942,74.71,Republican
35,35,Ohio,2023,50400,10317300,0.49,1586,3653,41,2864,748,26.30215827,34.0,17.0,6693511.0,2054395.0,79.8,3.8,30.69,39395.0,58.92,62.6,31.89,38.97,53.43,40.34,65.48,73.07,58.32,11.04,3.131,11242160.0,6870888.977,61.12,Republican
36,36,Oklahoma,2023,22800,4287900,0.53,358,1363,6,514,843,26.30215827,30.0,4.0,2291172.0,588886.0,75.9,4.2,25.7,34206.0,51.34,57.01,28.72,37.74,50.28,39.32,59.97,66.86,54.72,9.3,2.762,3410923.0,2256149.898,66.14,Republican
37,37,Oregon,2023,64400,3832700,1.68,1263,3190,74,2326,790,26.30215827,98.0,10.0,2476158.0,862700.0,79.5,3.7,34.84,44623.0,66.83,71.41,42.82,49.97,57.47,47.98,67.02,74.88,66.58,10.32,3.871,4230276.0,2721525.197,64.33,Democratic
38,38,Pennsylvania,2023,70200,10211000,0.69,1712,4293,51,3245,997,26.30215827,60.0,20.0,7371987.0,2512385.0,80.0,4.0,34.08,42605.0,62.25,65.22,33.73,39.93,55.1,42.99,68.75,75.03,63.36,12.57,3.328,10866252.0,6845766.641,63.0,Democratic
39,39,Rhode Island,2023,6400,877600,0.73,317,817,82,644,91,26.30215827,29.0,1.0,645295.0,236597.0,80.9,4.2,36.66,46525.0,64.54,67.65,36.27,45.3,56.0,45.36,67.51,74.94,64.67,21.62,2.939,822447.0,473686.0486,57.59,Democratic
40,40,South Carolina,2023,20900,5042400,0.41,559,1374,15,906,453,26.30215827,38.0,11.0,3045610.0,922103.0,77.7,3.8,30.28,38097.0,56.32,61.85,31.15,40.31,54.87,42.18,64.19,70.45,58.31,10.5,2.799,5283221.0,3278164.085,62.05,Republican
41,41,South Dakota,2023,1700,918000,0.19,98,232,2,127,103,26.30215827,19.0,3.0,503838.0,155109.0,83.1,2.2,30.79,40263.0,54.81,58.76,30.62,36.53,48.94,37.05,62.33,68.86,56.17,10.49,3.039,1384940.0,923880.5308,66.71,Republican
42,42,Tennessee,2023,33200,6538800,0.51,918,2225,34,1712,479,26.30215827,13.0,11.0,4145660.0,1238980.0,77.6,3.7,29.89,38538.0,52.32,57.96,29.09,38.75,52.73,40.87,62.1,70.34,56.09,10.69,2.726,6950844.0,4454618.189,64.09,Republican
43,43,Texas,2023,230100,25796600,0.89,3104,8637,83,6297,2257,26.30215827,113.0,23.0,17924365.0,5589937.0,79.3,4.0,31.19,39775.0,59.93,65.5,33.05,45.16,57.23,47.69,66.15,71.19,63.67,10.04,2.734,23477492.0,15578885.48,66.36,Republican
44,44,Utah,2023,40000,3076200,1.3,893,2185,15,1838,332,26.30215827,27.0,4.0,1960743.0,657087.0,82.4,2.9,33.51,40096.0,57.9,61.1,35.07,39.0,50.79,40.18,60.11,69.76,58.52,9.03,3.285,3084536.0,1884454.322,61.09,Republican
45,45,Vermont,2023,7800,593100,1.32,381,978,21,838,119,26.30215827,61.0,1.0,368533.0,149859.0,82.7,2.4,40.66,46029.0,69.06,70.85,40.92,46.3,55.2,43.66,69.22,76.62,66.98,17.53,3.058,629430.0,429091.4722,68.17,Democratic
46,46,Virginia,2023,84900,7723500,1.1,1562,4565,226,3235,1104,26.30215827,43.0,15.0,5101173.0,2019008.0,80.6,3.4,39.58,48689.0,65.31,68.79,37.89,46.15,58.5,46.55,70.71,75.61,66.28,10.68,3.007,7922073.0,4779369.16,60.33,Democratic
47,47,Washington,2023,152100,6816100,2.23,2202,5817,165,4578,1074,26.30215827,81.0,12.0,4647190.0,1739254.0,80.7,4.1,37.43,52011.0,68.1,72.24,43.59,50.18,58.01,48.28,69.92,75.87,68.49,9.58,4.231,7444189.0,4607190.602,61.89,Democratic
48,48,West Virginia,2023,2800,1510900,0.19,155,446,19,286,141,26.30215827,8.0,8.0,991037.0,223641.0,71.7,4.2,22.57,32766.0,43.81,51.97,26.22,29.01,44.0,31.39,53.06,62.84,46.56,10.26,3.095,1515512.0,1043582.707,68.86,Republican
49,49,Wisconsin,2023,24900,5529000,0.45,577,1398,7,977,414,26.30215827,47.0,14.0,3378349.0,1079657.0,82.5,2.5,31.96,41785.0,61.32,65.44,34.39,39.36,51.89,40.03,66.09,74.02,60.05,12.72,2.943,5800567.0,3783596.515,65.23,Democratic
50,50,Wyoming,2023,1100,652900,0.17,103,252,4,140,108,26.30215827,17.0,2.0,326326.0,87914.0,80.5,2.5,26.94,39966.0,48.06,52.65,30.24,29.69,43.01,31.57,53.68,63.07,50.14,8.39,3.15,890622.0,685247.2259,76.94,Republican
51,51,Alabama,2022,8700,4795500,0.18,327,851,35,578,238,28.46875,14.0,12.0,2907037.0,764167.0,73.8,4.2,26.29,33777.0,49.63,59.27,26.96,37.02,50.83,38.63,60.83,68.41,54.59,11.59,2.651,5464382.0,3338723.638,61.1,Republican
52,52,Alaska,2022,2000,562100,0.36,61,113,3,81,29,28.46875,15.0,2.0,440003.0,119112.0,79.6,4.2,27.07,43054.0,59.17,66.43,37.6,43.01,51.22,42.31,63.75,71.07,61.53,20.73,3.476,679125.0,510725.958,75.2,Republican
53,53,Arizona,2022,65800,6490500,1.01,984,2661,9,2043,609,28.46875,50.0,8.0,4194186.0,1217980.0,77.5,3.9,29.04,39819.0,61.73,66.18,36.23,44.68,53.52,45.94,62.79,72.52,63.2,11.31,3.17,6090179.0,3588898.623,58.93,Democratic
54,54,Arkansas,2022,5100,2685400,0.19,218,590,3,509,78,28.46875,22.0,7.0,1728688.0,401468.0,72.7,4.2,23.22,31380.0,51.26,60.88,27.61,37.97,49.86,38.45,61.56,68.33,55.74,9.91,2.67,3216316.0,2178155.708,67.72,Republican
55,55,California,2022,903600,36119800,2.5,14609,43589,559,34366,8634,28.46875,148.0,17.0,23347658.0,7860522.0,78.4,5.0,33.67,46661.0,67.47,73.07,41.65,52.43,59.01,51.98,70.47,75.79,70.42,22.33,4.575,31119113.0,16424538.76,52.78,Democratic
56,56,Colorado,2022,59900,5387100,1.11,1787,4408,90,3585,733,28.46875,93.0,5.0,3564038.0,1492924.0,83.0,3.1,41.89,49071.0,66.44,69.3,40.76,46.69,54.46,45.42,64.98,74.12,65.75,11.75,3.049,5116858.0,3481941.296,68.05,Democratic
57,57,Connecticut,2022,22000,2951300,0.75,598,1643,67,1225,349,28.46875,43.0,8.0,2124983.0,824424.0,81.4,4.4,38.8,51581.0,67.24,71.02,37.87,47.75,57.02,46.15,70.72,77.34,67.89,21.08,2.943,2789423.0,1593839.315,57.14,Democratic
58,58,Delaware,2022,5400,913600,0.59,156,367,5,257,105,28.46875,29.0,2.0,571842.0,190688.0,81.0,4.2,33.35,42571.0,62.03,67.94,34.09,46.09,58.22,46.24,63.72,73.44,61.73,11.83,2.867,467268.0,269176.2929,57.61,Democratic
59,59,District Of Columbia,2022,5900,319400,1.85,301,972,43,891,38,28.46875,,1.0,439920.0,271030.0,84.3,4.7,61.61,71699.0,76.78,79.68,45.48,58.87,68.04,57.38,74.49,81.7,74.82,14.94,3.07,,,,
60,60,Florida,2022,168000,18128300,0.93,2923,7818,364,5827,1627,28.46875,69.0,27.0,12650482.0,3977273.0,77.7,3.7,31.44,40278.0,60.48,66.54,33.43,44.79,58.39,46.72,65.11,73.92,62.73,12.51,3.014,19663462.0,11190119.96,56.91,Republican
61,61,Georgia,2022,60100,9542400,0.63,1552,4131,230,3106,795,28.46875,30.0,15.0,6460268.0,2065021.0,78.1,3.9,31.96,38378.0,59.35,61.96,32.05,43.93,56.51,45.61,64.42,72.21,60.87,12.0,2.812,9153627.0,5485503.344,59.93,Democratic
62,62,Hawaii,2022,19800,1080500,1.83,405,938,30,831,77,28.46875,29.0,2.0,818536.0,264889.0,80.4,3.5,32.36,42710.0,66.87,74.4,41.32,52.8,59.54,52.32,71.22,75.86,69.36,39.72,4.312,1243333.0,770662.1691,61.98,Democratic
63,63,Idaho,2022,5900,1934200,0.31,155,382,10,285,87,28.46875,32.0,5.0,1091836.0,312135.0,77.6,2.6,28.59,35980.0,55.62,61.42,31.85,40.19,49.46,40.55,59.86,70.17,57.45,8.51,3.191,2031331.673,1411137.511,69.47,Republican
64,64,Illinois,2022,66900,10037500,0.67,1342,3351,50,2615,686,28.46875,61.0,11.0,7378881.0,2625203.0,80.6,4.5,35.58,43317.0,64.59,68.57,36.31,43.47,55.63,44.55,68.88,77.11,64.6,11.94,3.262,10334435.0,6271824.093,60.69,Democratic
65,65,Indiana,2022,17700,6094400,0.29,404,1093,8,747,338,28.46875,55.0,12.0,3916848.0,1080594.0,79.2,3.4,27.59,35984.0,52.34,59.63,28.5,35.29,48.79,37.07,58.04,69.72,52.88,11.66,3.032,5383640.0,3475614.374,64.56,Republican
66,66,Iowa,2022,6200,3118200,0.2,305,659,4,420,235,28.46875,40.0,8.0,1802353.0,543259.0,83.4,2.6,30.14,38917.0,55.82,64.03,31.92,36.66,48.15,35.88,61.39,69.53,56.78,9.57,2.846,3779422.0,2509832.033,66.41,Republican
67,67,Kansas,2022,7600,2604600,0.29,489,1045,14,878,153,28.46875,12.0,4.0,1657175.0,534864.0,81.1,3.4,32.28,37919.0,56.06,62.29,31.09,39.19,50.14,39.06,60.19,69.2,57.13,11.47,2.729,2588185.0,1670622.042,64.55,Republican
68,68,Kentucky,2022,7600,3974600,0.19,256,629,24,494,111,28.46875,25.0,5.0,2601742.0,683785.0,74.4,4.0,26.28,33980.0,47.97,57.57,27.38,34.81,47.48,36.17,55.42,66.81,51.57,10.51,2.756,4291816.0,2694967.438,62.79,Republican
69,69,Louisiana,2022,5900,3792200,0.16,193,475,21,327,127,28.46875,19.0,8.0,2631788.0,654595.0,73.8,5.3,24.87,32171.0,54.13,59.65,28.41,41.07,52.01,41.34,62.12,68.74,57.44,10.41,2.618,4593542.0,2963860.716,64.52,Republican
70,70,Maine,2022,5000,1222000,0.41,412,869,25,665,179,28.46875,19.0,4.0,797001.0,261241.0,79.1,3.0,32.78,41188.0,62.84,66.89,35.36,44.2,52.99,41.79,61.03,73.37,60.62,17.44,2.87,1294286.0,870151.4317,67.23,Democratic
71,71,Maryland,2022,46100,5066800,0.91,1384,3964,45,3222,697,28.46875,66.0,5.0,3623239.0,1481450.0,82.4,3.7,40.89,49236.0,68.49,73.17,39.15,49.18,61.57,48.91,73.59,78.08,69.38,13.32,2.958,4919054.0,2774775.194,56.41,Democratic
72,72,Massachusetts,2022,49400,5422300,0.91,2406,5748,64,5096,588,28.46875,68.0,10.0,4178856.0,1829800.0,81.9,3.8,43.79,54025.0,70.73,72.9,41.49,50.06,58.28,47.69,71.01,78.83,69.89,21.27,2.85,5184450.0,3126665.822,60.31,Democratic
73,73,Michigan,2022,33100,8445900,0.39,1149,2703,14,2153,526,28.46875,44.0,13.0,5789361.0,1732598.0,77.7,4.4,29.93,38151.0,61.76,65.8,33.38,42.28,54.52,42.14,66.92,75.93,61.15,13.2,3.094,9403708.0,6427908.732,68.36,Democratic
74,74,Minnesota,2022,24300,5053400,0.48,601,1533,75,1180,278,28.46875,126.0,5.0,3287676.0,1217882.0,84.2,2.9,37.04,45021.0,63.13,68.79,36.76,42.45,52.35,40.26,65.18,72.94,62.37,12.04,2.879,5673333.0,3745936.926,66.03,Democratic
75,75,Mississippi,2022,2400,2719900,0.09,114,440,139,220,81,28.46875,18.0,3.0,1659306.0,372287.0,72.2,4.4,22.44,29045.0,51.45,57.35,27.01,38.99,52.84,40.67,63.48,70.02,56.53,10.36,2.556,2298929.0,1421341.563,61.83,Republican
76,76,Missouri,2022,17900,5422400,0.33,1029,2216,14,1910,292,28.46875,57.0,8.0,3534730.0,1066842.0,78.8,3.4,30.18,36640.0,55.97,61.43,30.26,39.18,50.71,38.95,60.96,69.56,56.81,10.26,2.74,5373722.0,3454475.969,64.28,Republican
77,77,Montana,2022,3300,999600,0.33,98,253,3,142,108,28.46875,24.0,3.0,634500.0,199411.0,80.3,2.7,31.43,38329.0,55.67,62.28,34.57,36.4,46.03,36.0,59.25,68.8,56.63,9.97,3.046,2249485.0,1370575.914,60.93,Republican
78,78,Nebraska,2022,4600,1940200,0.24,214,446,0,340,106,28.46875,19.0,3.0,1100621.0,351803.0,83.5,2.0,31.96,38997.0,54.77,61.51,31.06,36.87,48.0,36.8,60.8,68.85,56.55,8.83,2.902,1967125.0,1312428.239,66.72,Republican
79,79,Nevada,2022,32900,2520700,1.31,478,1670,15,1227,428,28.46875,23.0,4.0,1880197.0,449189.0,78.3,5.1,23.89,38183.0,60.11,65.99,34.29,44.27,54.35,46.1,62.44,71.86,62.08,10.94,3.679,2672391.0,1566874.588,58.63,Democratic
80,80,New Hampshire,2022,7000,1373700,0.51,201,466,6,322,138,28.46875,34.0,4.0,825946.0,316170.0,81.7,2.4,38.28,49281.0,63.05,67.39,36.06,43.3,52.57,40.56,65.6,74.55,62.64,21.07,2.763,1437151.0,903740.1387,62.88,Democratic
81,81,New Jersey,2022,87000,7148700,1.22,938,2713,16,1952,745,28.46875,45.0,2.0,5440078.0,2254136.0,81.8,4.8,41.44,51272.0,68.13,74.11,37.4,46.95,59.39,48.75,73.29,79.52,69.76,14.8,2.873,5999667.0,3476206.495,57.94,Democratic
82,82,New Mexico,2022,7100,1929400,0.37,211,528,10,359,159,28.46875,40.0,4.0,1194313.0,314767.0,74.1,4.8,26.36,33916.0,59.38,67.48,35.06,43.04,54.02,46.22,60.64,70.1,62.42,10.02,2.778,1870380.0,1202626.547,64.3,Democratic
83,83,New York,2022,84700,11306300,0.75,3326,9535,41,8330,1164,28.46875,89.0,14.0,11626637.0,4409174.0,78.5,4.9,37.92,47421.0,69.74,72.52,38.24,48.66,60.76,51.33,73.51,80.11,70.97,18.33,2.97,9111362.178,5324362.043,58.44,Democratic
84,84,North Carolina,2022,45600,8970300,0.51,1166,3040,37,2312,691,28.46875,59.0,18.0,6244237.0,2072271.0,78.3,3.5,33.19,38701.0,60.15,65.73,33.55,43.35,56.4,43.81,66.5,73.22,61.95,9.6,2.817,8995906.0,5486863.903,60.99,Republican
85,85,North Dakota,2022,600,785500,0.08,80,172,0,111,61,28.46875,13.0,3.0,442366.0,130597.0,84.3,1.9,29.52,41800.0,46.37,53.43,27.83,30.16,41.8,30.98,51.19,62.19,48.04,8.42,2.866,1093509.0,805105.9867,73.63,Republican
86,86,Ohio,2022,34100,10278300,0.33,1247,2818,40,2336,442,28.46875,34.0,14.0,6728904.0,2042704.0,79.0,3.5,30.36,37932.0,57.41,63.16,30.62,39.3,52.65,39.92,63.24,72.67,57.29,10.64,3.028,11028755.0,6583927.652,59.7,Republican
87,87,Oklahoma,2022,16300,4249900,0.38,340,1093,8,457,628,28.46875,29.0,3.0,2288709.0,584407.0,75.3,3.9,25.53,32930.0,49.99,57.76,27.72,37.64,49.06,38.68,57.33,66.52,53.94,10.05,2.672,3345331.0,2161712.79,64.62,Republican
88,88,Oregon,2022,47000,3779800,1.24,1009,2475,75,1921,479,28.46875,94.0,8.0,2486673.0,827222.0,79.0,4.0,33.27,42474.0,65.9,71.64,41.38,49.64,56.06,46.61,64.87,74.38,65.49,9.26,3.744,4139333.0,2625317.914,63.42,Democratic
89,89,Pennsylvania,2022,47400,10165300,0.47,1326,3251,51,2496,704,28.46875,59.0,19.0,7441870.0,2516338.0,79.5,4.0,33.81,41489.0,61.34,66.09,32.93,40.53,54.3,42.39,67.05,74.65,62.51,11.86,3.218,10868829.0,6703260.627,61.67,Democratic
90,90,Rhode Island,2022,4300,872000,0.49,297,783,82,627,74,28.46875,29.0,1.0,648199.0,239678.0,80.8,4.3,36.98,44538.0,63.22,67.8,34.76,45.7,55.2,44.62,65.28,74.53,63.57,19.3,2.842,806142.0,452526.9733,56.13,Democratic
91,91,South Carolina,2022,13500,4944700,0.27,413,978,18,697,263,28.46875,38.0,10.0,3008187.0,893972.0,77.1,3.9,29.72,36675.0,55.48,62.62,30.17,40.61,54.47,41.83,62.9,70.25,57.88,10.74,2.707,5245829.0,3185298.216,60.72,Republican
92,92,South Dakota,2022,1200,945100,0.13,69,176,2,96,78,28.46875,18.0,2.0,500281.0,146233.0,83.0,2.5,29.23,37618.0,53.81,60.04,29.92,36.82,48.16,36.61,60.93,68.86,55.7,10.44,2.939,1364513.0,893980.5053,65.52,Republican
93,93,Tennessee,2022,22000,6422600,0.34,695,1683,33,1384,266,28.46875,13.0,11.0,4122277.0,1198362.0,77.2,3.2,29.07,36704.0,51.86,59.13,28.01,39.33,52.31,40.42,60.56,69.57,55.75,10.89,2.636,6828011.0,4294159.214,62.89,Republican
94,94,Texas,2022,149000,25346000,0.59,2471,6332,96,4825,1411,28.46875,113.0,23.0,17706100.0,5442080.0,78.6,4.0,30.74,38123.0,58.26,65.75,31.91,44.62,55.64,46.57,62.87,70.48,62.37,10.16,2.644,23291638.0,15202306.89,65.27,Republican
95,95,Utah,2022,28000,2997500,0.93,780,1853,17,1580,256,28.46875,27.0,4.0,1938728.0,635468.0,81.7,2.3,32.78,38514.0,56.28,61.58,34.1,38.68,48.31,39.31,58.37,69.04,57.52,8.8,3.177,2876800.0,1760470.687,61.2,Republican
96,96,Vermont,2022,5300,595000,0.89,351,898,35,758,105,28.46875,54.0,1.0,371621.0,148466.0,81.9,2.4,39.95,42251.0,67.6,70.95,39.6,46.4,54.24,42.73,67.06,76.32,65.55,16.99,2.958,625664.0,417728.378,66.77,Democratic
97,97,Virginia,2022,56600,7642100,0.74,1221,3643,237,2522,884,28.46875,43.0,12.0,5119025.0,1997799.0,80.4,3.3,39.03,47199.0,64.33,69.39,36.75,46.1,57.95,45.87,69.64,75.32,65.58,10.75,2.908,7763287.0,4596701.178,59.21,Democratic
98,98,Washington,2022,104100,6802500,1.53,1784,4533,209,3511,813,28.46875,79.0,11.0,4660421.0,1695565.0,79.9,3.8,36.38,50764.0,66.96,72.74,42.35,49.86,56.47,46.96,68.23,75.36,67.42,9.05,4.092,7835063.0,4753229.177,60.67,Democratic
99,99,West Virginia,2022,1900,1488900,0.13,137,385,19,259,107,28.46875,8.0,6.0,1000729.0,235223.0,69.2,4.5,23.51,31922.0,42.31,52.47,25.19,28.67,42.84,31.17,51.22,62.53,45.9,9.74,2.993,1652896.0,1130585.75,68.4,Republican
100,100,Wisconsin,2022,15700,5476200,0.29,470,1101,6,824,271,28.46875,46.0,12.0,3393120.0,1056108.0,81.9,2.6,31.12,40188.0,59.72,65.79,33.29,39.63,50.62,39.52,63.83,73.72,58.81,11.95,2.846,5681673.0,3657963.478,64.38,Democratic
101,101,Wyoming,2022,800,644400,0.12,86,214,6,114,94,28.46875,17.0,2.0,328690.0,89499.0,81.4,3.6,27.23,38114.0,46.03,53.54,29.62,29.26,40.09,31.09,52.29,62.73,49.27,8.24,3.046,890285.0,676313.3534,75.97,Republican
102,102,Alabama,2021,4700,4747600,0.1,277,682,35,529,118,28.51977401,13.0,12.0,2889360.0,731521.0,72.5,5.1,25.32,30608.0,53.64,61.12,27.3,38.02,54.74,40.62,60.92,67.15,57.56,10.18,2.49,5479971.0,3287997.977,60.0,Republican
103,103,Alaska,2021,1300,569100,0.23,52,94,3,75,16,28.51977401,15.0,2.0,433224.0,125339.0,78.2,6.6,28.93,39509.0,62.25,67.51,39.19,41.39,55.13,43.2,63.35,69.14,63.23,20.02,3.264,686142.0,511500.6377,74.55,Republican
104,104,Arizona,2021,40700,6359200,0.64,890,2259,10,1825,424,28.51977401,50.0,8.0,4134524.0,1184134.0,76.7,5.4,28.64,36295.0,64.22,67.54,37.3,46.52,57.36,47.8,62.91,71.21,65.73,10.73,2.977,6064542.0,3504627.455,57.79,Democratic
105,105,Arkansas,2021,2400,2690900,0.09,164,463,3,394,66,28.51977401,22.0,7.0,1713090.0,393003.0,74.5,5.3,22.94,29252.0,55.89,63.91,29.34,38.58,54.65,40.61,62.73,67.11,59.38,9.1,2.507,3214781.0,2148142.694,66.82,Republican
106,106,California,2021,563100,35000500,1.61,14607,41237,648,33723,6824,28.51977401,145.0,17.0,23477035.0,7763614.0,77.4,8.0,33.07,42396.0,70.14,74.26,42.65,53.36,61.89,54.32,71.06,74.12,72.7,19.65,4.296,31349073.0,16172731.89,51.59,Democratic
107,107,Colorado,2021,37000,5286400,0.7,1619,3992,89,3320,583,28.51977401,92.0,5.0,3537735.0,1444892.0,81.8,5.0,40.84,44617.0,67.09,69.03,40.05,46.6,57.07,46.4,62.76,71.71,65.98,10.9,2.863,5096394.0,3406756.302,66.85,Democratic
108,108,Connecticut,2021,13300,2872000,0.46,533,1430,76,1040,312,28.51977401,41.0,8.0,2124677.0,835536.0,81.0,6.3,39.33,48146.0,69.9,72.09,38.32,48.61,59.81,48.3,70.76,75.65,69.66,18.32,2.763,2756485.0,1543765.35,56.0,Democratic
109,109,Delaware,2021,3000,909600,0.33,134,314,5,218,91,28.51977401,26.0,3.0,567188.0,185120.0,77.1,5.5,32.64,38797.0,66.67,69.2,34.1,49.64,61.26,48.62,64.14,72.62,64.42,10.5,2.692,472175.0,266285.9505,56.4,Democratic
110,110,District Of Columbia,2021,3700,321700,1.15,291,826,43,742,41,28.51977401,,1.0,438542.0,258968.0,82.1,7.7,59.05,65808.0,79.67,80.9,45.49,60.78,70.29,58.87,73.21,79.77,76.01,12.81,2.883,,,,
111,111,Florida,2021,95600,17729600,0.54,2636,6748,372,5229,1147,28.51977401,68.0,27.0,12407546.0,3776233.0,76.9,5.4,30.43,36196.0,63.55,67.8,33.85,46.83,62.08,48.11,64.85,72.53,64.79,10.67,2.83,19180165.0,10628886.76,55.42,Republican
112,112,Georgia,2021,34000,9399700,0.36,1585,3947,230,3131,586,28.51977401,29.0,15.0,6374393.0,2029894.0,76.6,5.3,31.84,35086.0,63.11,62.21,32.18,47.08,59.71,47.98,65.14,71.04,63.9,10.43,2.641,9072876.0,5324556.837,58.69,Democratic
113,113,Hawaii,2021,14200,1080800,1.31,386,839,30,724,85,28.51977401,28.0,2.0,825335.0,266711.0,79.6,7.4,32.32,38614.0,64.47,67.89,35.45,45.78,58.75,46.77,65.83,71.87,65.23,30.31,4.049,1235360.0,743908.4992,60.22,Democratic
114,114,Idaho,2021,3500,1911100,0.18,139,345,10,255,80,28.51977401,32.0,5.0,1063392.0,292245.0,78.0,3.0,27.48,33841.0,58.23,63.53,34.09,39.64,53.82,40.46,58.71,67.83,59.36,8.17,2.997,1976199.166,1355430.762,68.59,Republican
115,115,Illinois,2021,36500,10027700,0.36,1079,2764,60,2197,507,28.51977401,57.0,11.0,7430060.0,2614998.0,79.6,7.0,35.19,39794.0,67.76,70.12,36.9,46.52,59.63,48.03,70.29,75.82,67.91,10.14,3.063,11003729.0,6535648.611,59.39,Democratic
116,116,Indiana,2021,10400,6097100,0.17,357,971,8,684,279,28.51977401,55.0,12.0,3912332.0,1059204.0,78.3,4.6,27.07,33054.0,58.02,61.62,30.03,38.23,53.47,39.8,59.73,68.96,56.89,10.36,2.847,5552566.0,3512603.571,63.26,Republican
117,117,Iowa,2021,3700,3110700,0.12,281,584,27,399,158,28.51977401,40.0,8.0,1794571.0,514165.0,82.3,3.4,28.65,35715.0,61.1,66.22,33.18,38.79,53.59,39.79,63.86,69.37,60.96,9.13,2.672,3839312.0,2506932.98,65.3,Republican
118,118,Kansas,2021,4500,2592800,0.17,493,1017,14,893,110,28.51977401,12.0,4.0,1655394.0,538657.0,80.4,3.9,32.54,35028.0,60.55,62.88,32.13,40.14,53.77,40.84,60.24,67.85,59.44,10.47,2.562,2606313.0,1656795.326,63.57,Republican
119,119,Kentucky,2021,4200,4016500,0.1,225,532,24,403,105,28.51977401,25.0,5.0,2598395.0,658702.0,72.9,4.9,25.35,30728.0,53.15,59.41,28.22,36.36,52.04,37.97,55.66,66.36,54.83,9.12,2.588,4408730.0,2730650.078,61.94,Republican
120,120,Louisiana,2021,3200,3820000,0.08,159,385,24,280,81,28.51977401,18.0,8.0,2657441.0,642800.0,72.3,7.4,24.19,30117.0,57.07,60.07,28.68,39.98,54.47,42.3,60.3,66.52,58.38,8.82,2.458,3862489.789,2451249.355,63.46,Republican
121,121,Maine,2021,3000,1234700,0.24,301,639,24,480,135,28.51977401,18.0,4.0,795561.0,260299.0,78.2,4.4,32.72,38483.0,65.18,66.54,35.15,44.99,55.94,42.73,59.77,72.15,60.45,13.96,2.695,1387656.0,910806.4456,65.64,Democratic
122,122,Maryland,2021,25600,5051200,0.51,1257,3430,47,2796,587,28.51977401,65.0,4.0,3648504.0,1438256.0,81.2,5.7,39.42,46500.0,72.4,74.36,40.12,51.86,65.01,52.35,74.44,76.35,72.39,11.48,2.777,4910674.0,2713670.606,55.26,Democratic
123,123,Massachusetts,2021,30500,5423200,0.56,2176,4871,71,4370,430,28.51977401,66.0,10.0,4194456.0,1840485.0,81.9,6.2,43.88,49746.0,73.2,73.53,41.67,50.85,61.12,49.61,70.81,77.35,71.1,19.06,2.676,5207052.0,3064884.515,58.86,Democratic
124,124,Michigan,2021,17500,8398200,0.21,817,1799,24,1373,392,28.51977401,44.0,13.0,5807888.0,1727833.0,76.5,6.6,29.75,35353.0,64.45,66.25,33.64,43.64,57.57,43.95,66.35,73.71,62.47,12.93,2.905,9556452.0,6405719.823,67.03,Democratic
125,125,Minnesota,2021,15000,5209500,0.29,586,1385,123,1027,235,28.51977401,124.0,5.0,3293062.0,1214630.0,84.1,4.5,36.88,41753.0,65.87,69.38,36.07,43.45,56.07,43.06,65.04,71.5,64.07,11.08,2.704,5511960.0,3545212.805,64.32,Democratic
126,126,Mississippi,2021,1300,2729200,0.05,112,433,139,222,72,28.51977401,18.0,3.0,1670491.0,369332.0,71.2,6.3,22.11,26941.0,55.49,58.36,28.49,41.7,57.25,44.19,65.52,69.33,61.39,9.5,2.4,2385768.0,1450174.755,60.78,Republican
127,127,Missouri,2021,10000,5557900,0.18,1047,2188,16,1936,236,28.51977401,57.0,8.0,3530751.0,1061665.0,78.3,4.4,30.07,34593.0,59.85,63.12,31.51,40.44,54.98,40.99,61.41,68.34,59.66,9.85,2.572,5603939.0,3529205.166,62.98,Republican
128,128,Montana,2021,1600,989600,0.16,75,212,3,107,102,28.51977401,24.0,3.0,624418.0,197795.0,78.0,3.7,31.68,36020.0,58.98,63.98,35.67,37.18,51.73,38.65,60.25,68.22,59.94,9.5,2.86,2140014.0,1294060.047,60.47,Republican
129,129,Nebraska,2021,2700,1928700,0.14,182,377,7,290,80,28.51977401,18.0,3.0,1103181.0,358816.0,83.7,2.5,32.53,36227.0,58.26,62.52,31.92,37.8,52.12,39.25,61.53,67.98,59.31,8.84,2.725,1933528.0,1268787.263,65.62,Republican
130,130,Nevada,2021,17400,2477400,0.7,451,1361,16,1001,344,28.51977401,23.0,4.0,1858637.0,460470.0,77.4,9.2,24.77,34933.0,64.55,68.42,36.3,46.35,59.16,48.09,63.22,71.17,65.33,8.58,3.454,2676143.0,1546093.313,57.77,Democratic
131,131,New Hampshire,2021,4000,1378200,0.29,164,357,6,246,105,28.51977401,33.0,4.0,827033.0,306495.0,81.8,3.5,37.06,45365.0,65.81,67.5,36.7,44.25,56.33,42.89,65.95,73.48,64.18,17.37,2.595,1417949.0,872359.0046,61.52,Democratic
132,132,New Jersey,2021,47800,7095100,0.67,749,2021,16,1450,555,28.51977401,42.0,2.0,5462964.0,2254970.0,80.6,7.6,41.28,47338.0,71.81,75.17,36.96,48.95,62.95,50.45,73.01,77.82,71.81,14.01,2.697,6249905.0,3528432.757,56.46,Democratic
133,133,New Mexico,2021,4200,1903300,0.22,189,461,10,323,128,28.51977401,39.0,4.0,1190663.0,307969.0,72.3,7.4,25.87,31043.0,64.87,69.55,38.52,46.97,58.79,49.99,63.3,70.48,67.03,9.79,2.608,1862673.0,1179754.32,63.34,Democratic
134,134,New York,2021,51900,11377800,0.46,2983,7646,42,6749,855,28.51977401,87.0,14.0,11749844.0,4459370.0,77.8,8.5,37.95,43078.0,73.6,73.89,39.92,51.09,64.25,52.56,73.4,78.19,73.35,16.11,2.789,9408795.689,5243624.078,55.73,Democratic
135,135,North Carolina,2021,25200,8912800,0.28,1120,2789,44,2250,495,28.51977401,57.0,18.0,6154794.0,2000346.0,77.3,5.5,32.5,35254.0,62.62,66.26,34.11,44.89,59.44,45.79,66.27,71.51,64.03,9.29,2.645,8707506.0,5205386.932,59.78,Republican
136,136,North Dakota,2021,400,776800,0.05,61,139,0,81,58,28.51977401,13.0,3.0,443822.0,129906.0,83.0,2.9,29.27,36497.0,52.11,54.23,29.5,31.6,46.64,33.91,53.35,63.16,52.0,8.65,2.691,925186.0,672175.1942,72.65,Republican
137,137,Ohio,2021,21200,10396200,0.2,957,2224,33,1826,365,28.51977401,34.0,14.0,6762937.0,1977817.0,78.1,5.2,29.24,35119.0,61.46,64.38,31.73,41.05,56.5,41.79,63.13,70.9,59.76,9.76,2.843,10892377.0,6356410.101,58.36,Republican
138,138,Oklahoma,2021,7100,4124100,0.17,313,1089,11,414,664,28.51977401,29.0,3.0,2272893.0,562791.0,75.3,5.6,24.76,29969.0,53.53,59.93,29.69,38.09,53.87,39.98,57.68,65.67,56.92,8.52,2.508,3353167.0,2119825.422,63.22,Republican
139,139,Oregon,2021,30300,3784800,0.8,994,2433,86,1915,432,28.51977401,92.0,8.0,2495255.0,829932.0,77.4,6.1,33.26,38975.0,67.21,72.67,41.36,48.93,58.69,47.11,63.63,72.16,65.83,8.95,3.515,4010635.0,2502434.5,62.39,Democratic
140,140,Pennsylvania,2021,26800,10277200,0.26,1148,2688,50,2151,487,28.51977401,57.0,19.0,7481859.0,2492416.0,78.6,6.1,33.31,38315.0,63.88,67.29,32.99,42.57,57.96,43.85,66.42,72.9,63.96,9.97,3.022,10927881.0,6583662.79,60.25,Democratic
141,141,Rhode Island,2021,2500,881600,0.28,255,628,82,509,37,28.51977401,28.0,1.0,650409.0,218816.0,80.6,7.2,33.64,40382.0,68.38,69.69,36.66,47.46,57.97,46.71,66.05,73.94,65.97,18.44,2.669,801654.0,436293.4034,54.42,Democratic
142,142,South Carolina,2021,7400,4865400,0.15,385,870,17,675,178,28.51977401,38.0,10.0,2957656.0,855205.0,75.4,5.3,28.91,33339.0,59.73,64.64,31.58,43.34,59.04,44.51,64.25,69.35,61.93,9.96,2.542,5091679.0,3036229.793,59.63,Republican
143,143,South Dakota,2021,700,925100,0.08,58,160,2,91,67,28.51977401,18.0,2.0,490818.0,145577.0,82.5,2.6,29.66,35135.0,58.65,62.12,31.77,38.59,54.14,39.49,63.21,68.49,60.0,10.43,2.759,1346517.0,870936.4075,64.68,Republican
144,144,Tennessee,2021,12200,6234200,0.2,685,1637,34,1369,234,28.51977401,13.0,11.0,4070563.0,1159051.0,75.7,5.0,28.47,33904.0,55.53,61.02,29.25,40.8,56.69,41.81,60.53,68.13,58.77,9.78,2.475,6712722.0,4148807.283,61.81,Republican
145,145,Texas,2021,80900,24713900,0.33,2320,5501,112,4472,917,28.51977401,111.0,23.0,17345197.0,5232066.0,77.6,5.9,30.16,34717.0,62.21,67.53,32.7,46.96,59.92,49.02,63.97,69.51,65.47,9.14,2.482,23012990.0,14812168.27,64.36,Republican
146,146,Utah,2021,16500,2937700,0.56,909,1980,17,1724,239,28.51977401,27.0,4.0,1902907.0,608470.0,80.3,3.3,31.98,35220.0,58.98,63.23,35.45,39.3,53.05,40.52,58.35,67.72,59.96,8.34,2.983,2838505.0,1709395.658,60.22,Republican
147,147,Vermont,2021,3400,602400,0.56,329,878,71,732,75,28.51977401,53.0,1.0,375293.0,152160.0,81.2,4.1,40.54,40016.0,70.72,71.21,39.09,48.4,57.57,45.96,67.99,75.71,67.21,16.34,2.777,614340.0,401499.5015,65.35,Democratic
148,148,Virginia,2021,30700,7613600,0.4,1139,3302,244,2295,763,28.51977401,40.0,12.0,5110738.0,1995320.0,79.9,4.5,39.04,43756.0,67.31,70.14,37.52,47.56,61.2,47.91,69.15,73.24,67.59,9.14,2.731,7652036.0,4449862.11,58.15,Democratic
149,149,Washington,2021,66800,6890500,0.97,1773,4325,217,3392,716,28.51977401,78.0,11.0,4631164.0,1657113.0,78.4,5.5,35.78,46177.0,69.41,73.38,42.8,49.26,59.36,48.12,67.7,73.0,68.29,8.75,3.842,7966147.0,4720498.021,59.26,Democratic
150,150,West Virginia,2021,1000,1485700,0.07,110,306,18,210,78,28.51977401,8.0,6.0,1009194.0,228758.0,68.4,5.9,22.67,30195.0,49.26,55.05,27.72,29.6,47.2,32.92,52.19,62.75,49.87,8.87,2.811,1219024.0,811820.3298,66.6,Republican
151,151,Wisconsin,2021,9300,5519900,0.17,475,961,80,687,194,28.51977401,46.0,12.0,3409664.0,1038434.0,81.1,3.4,30.46,37221.0,63.33,67.15,33.16,42.2,54.06,42.43,64.46,72.36,61.55,11.01,2.672,5769058.0,3605785.435,62.5,Democratic
152,152,Wyoming,2021,500,643300,0.08,70,184,6,101,77,28.51977401,17.0,2.0,327243.0,85738.0,80.8,3.2,26.2,37156.0,49.34,53.9,31.65,28.86,45.05,32.91,52.71,62.29,52.42,8.25,2.86,870969.0,654101.3455,75.1,Republican
153,153,Alabama,2020,2900,4683200,0.06,224,598,56,451,91,30.63414634,12.0,12.0,2856422.5,709462.5,72.55,4.9,24.835,29629.0,53.33,58.0,26.17,37.28,50.57,40.11,62.84,69.7,56.11,9.84,2.327,5320340.0,3164439.0,59.48,Republican
154,154,Alaska,2020,900,586100,0.15,37,68,0,63,5,30.63414634,12.0,2.0,437165.0,121817.5,77.65,5.95,27.875,38243.5,60.92,64.12,39.61,40.24,51.33,41.09,64.15,70.5,60.71,19.82,3.05,792826.0,586281.0,73.95,Republican
155,155,Arizona,2020,28800,6285600,0.46,573,1788,3,1412,373,30.63414634,44.0,8.0,4131411.0,1135443.0,76.4,4.95,27.48,34234.0,63.55,64.0,38.06,43.84,51.25,43.4,64.02,73.07,63.58,10.44,2.782,6053781.0,3514203.0,58.05,Democratic
156,156,Arkansas,2020,1300,2645300,0.05,112,350,2,296,52,30.63414634,21.0,7.0,1711609.5,380521.5,73.95,4.75,22.23,28263.0,55.72,60.59,28.68,39.86,48.59,38.73,65.83,70.04,56.56,8.32,2.343,2913369.0,1859091.0,63.81,Republican
157,157,California,2020,425300,34339500,1.24,7689,34924,498,28885,5497,30.63414634,124.0,17.0,23609350.0,7654456.0,77.7,6.35,32.425,40894.5,69.28,71.42,44.81,50.57,57.1,48.69,72.05,76.06,70.48,18.0,4.015,30398249.0,15310597.0,50.37,Democratic
158,158,Colorado,2020,24700,5193000,0.48,1066,3253,76,2742,435,30.63414634,82.0,5.0,3523819.0,1404598.0,81.75,4.15,39.855,42835.0,65.73,65.15,40.65,42.94,51.26,41.39,64.32,72.76,64.57,10.27,2.675,5350708.0,3518874.0,65.76,Democratic
159,159,Connecticut,2020,9000,2922800,0.31,456,1240,70,926,242,30.63414634,34.0,8.0,2116002.0,807351.5,81.2,5.65,38.15,46752.5,68.89,68.62,39.64,44.58,53.97,44.06,72.38,77.03,69.66,19.13,2.582,2867554.0,1563661.0,54.53,Democratic
160,160,Delaware,2020,1900,914000,0.21,70,206,2,131,73,30.63414634,23.0,3.0,561113.0,178465.0,78.25,4.85,31.795,37827.5,64.73,65.42,35.32,43.49,56.12,42.66,65.26,74.97,63.65,10.24,2.516,1025430.0,582338.0,56.79,Democratic
161,161,District Of Columbia,2020,2400,318300,0.75,189,694,50,611,33,30.63414634,,1.0,453180.5,260275.5,82.25,6.85,57.485,62808.0,78.64,78.36,45.0,53.65,65.3,49.52,73.82,78.66,74.27,11.9,2.694,,,,
162,162,Florida,2020,58200,17341700,0.34,1836,5564,294,4394,876,30.63414634,66.0,27.0,12330116.5,3607926.5,77.0,4.8,29.25,34541.5,63.63,64.83,34.5,44.4,57.73,43.58,67.47,74.25,64.25,10.06,2.645,18464506.0,9942703.0,53.85,Republican
163,163,Georgia,2020,23500,9097800,0.26,1008,3661,239,2930,492,30.63414634,26.0,15.0,6322911.5,1961689.5,76.7,4.85,31.015,33871.5,62.33,58.45,32.68,43.45,57.07,43.3,66.01,72.55,62.55,9.93,2.468,8829596.0,5089616.0,57.64,Democratic
164,164,Hawaii,2020,10700,1066300,1.0,320,759,14,649,96,30.63414634,26.0,2.0,820816.5,258180.5,80.15,5.25,31.45,37801.5,72.19,76.42,47.29,50.56,57.9,50.12,74.23,75.97,72.66,27.55,3.784,1244935.0,730091.0,58.64,Democratic
165,165,Idaho,2020,2300,1858400,0.12,113,281,2,196,83,30.63414634,30.0,5.0,1032917.0,274007.5,78.05,2.9,26.495,31723.5,58.8,59.73,35.37,38.79,46.46,38.9,62.95,70.37,59.45,7.99,2.801,1917808.0,1266283.0,66.03,Republican
166,166,Illinois,2020,26000,10234200,0.25,805,2360,38,1919,403,30.63414634,54.0,11.0,7454243.0,2580535.0,79.75,5.8,34.62,38761.0,67.51,66.83,37.36,42.15,54.62,42.39,70.75,76.48,63.76,9.75,2.863,10589239.0,6112939.0,57.73,Democratic
167,167,Indiana,2020,7000,6046100,0.12,282,784,0,613,171,30.63414634,52.0,12.0,3898857.0,1018318.0,78.35,4.2,26.115,32021.0,57.07,57.75,28.5,35.24,48.31,37.73,61.13,72.99,53.87,9.92,2.66,6199901.0,3845459.0,62.02,Republican
168,168,Iowa,2020,2300,3107300,0.07,188,487,27,308,152,30.63414634,39.0,8.0,1790603.0,502966.5,82.7,3.3,28.085,34411.0,60.0,62.65,33.07,35.65,49.07,36.91,64.52,70.81,58.23,8.97,2.497,3787224.0,2422496.0,63.96,Republican
169,169,Kansas,2020,3100,2592200,0.12,246,950,3,826,121,30.63414634,12.0,4.0,1654173.0,523607.0,81.0,3.6,31.655,33956.5,60.43,59.55,31.72,38.52,50.52,39.97,63.02,70.48,59.25,10.38,2.395,2603543.0,1617216.0,62.12,Republican
170,170,Kentucky,2020,2600,3967200,0.07,168,383,8,307,68,30.63414634,25.0,5.0,2593181.0,633944.0,72.85,4.65,24.445,29878.5,52.03,56.96,26.7,32.47,48.25,35.8,57.43,69.2,52.3,8.58,2.418,4459685.0,2707044.0,60.7,Republican
171,171,Louisiana,2020,2000,3821100,0.05,141,360,18,274,68,30.63414634,17.0,8.0,2677054.0,629322.5,72.35,6.3,23.515,29389.5,57.59,58.59,27.08,40.56,51.84,41.03,64.56,70.39,59.53,7.51,2.297,3861204.0,2413940.0,62.52,Republican
172,172,Maine,2020,1900,1224000,0.16,220,518,25,367,126,30.63414634,16.0,4.0,787514.5,248948.0,78.8,3.7,31.6,36280.5,64.39,63.01,37.75,42.28,52.04,38.87,62.47,76.68,63.09,13.54,2.518,1121106.0,722064.0,64.41,Democratic
173,173,Maryland,2020,18000,4835900,0.37,884,2776,33,2269,474,30.63414634,57.0,4.0,3622245.5,1403128.5,81.55,4.95,38.73,44912.5,70.58,71.04,39.74,47.37,59.93,45.5,74.61,75.94,70.81,11.15,2.596,4212244.0,2252734.0,53.48,Democratic
174,174,Massachusetts,2020,21000,5389500,0.39,1038,3415,28,3050,337,30.63414634,55.0,10.0,4178539.5,1803553.5,82.15,4.95,43.16,47993.5,72.28,70.74,42.56,45.9,55.64,42.8,72.13,78.24,70.05,18.19,2.501,5036686.0,2881438.0,57.21,Democratic
175,175,Michigan,2020,10600,8484700,0.12,567,1605,48,1213,334,30.63414634,37.0,13.0,5805440.0,1674178.5,76.9,5.65,28.84,34122.5,63.68,62.11,34.06,41.25,52.54,40.6,68.44,75.88,61.95,12.21,2.715,8453239.0,5515112.0,65.24,Democratic
176,176,Minnesota,2020,10400,5199900,0.2,445,1218,120,897,201,30.63414634,119.0,5.0,3282078.5,1186690.0,84.55,3.65,36.15,40389.0,64.86,66.45,35.97,36.88,51.02,39.1,65.77,72.39,60.85,10.57,2.527,5690749.0,3585895.0,63.01,Democratic
177,177,Mississippi,2020,800,2714500,0.03,104,344,58,228,58,30.63414634,17.0,3.0,1682070.0,353055.5,71.15,6.2,20.995,26121.0,55.23,53.77,27.14,39.01,51.81,41.47,65.76,69.44,58.09,9.13,2.243,2058975.0,1232591.0,59.86,Republican
178,178,Missouri,2020,6700,5554300,0.12,508,2060,9,1834,217,30.63414634,53.0,8.0,3536981.0,1039364.0,78.0,3.9,29.385,33174.5,60.34,60.99,32.17,37.47,50.3,38.62,64.13,72.27,58.6,9.64,2.404,5587022.0,3435190.0,61.49,Republican
179,179,Montana,2020,900,970400,0.09,65,188,3,85,100,30.63414634,24.0,3.0,613409.0,192039.0,78.5,3.6,31.3,34322.5,57.68,60.6,36.43,33.5,46.23,36.16,61.19,68.75,55.6,9.13,2.673,1952553.0,1133102.0,58.03,Republican
180,180,Nebraska,2020,1800,1897900,0.09,115,287,7,212,68,30.63414634,17.0,3.0,1097687.0,351094.0,84.3,2.65,31.985,34749.5,58.4,59.3,32.08,35.0,49.69,37.02,63.56,70.68,57.29,8.97,2.547,1935357.0,1242788.0,64.21,Republican
181,181,Nevada,2020,11000,2411300,0.46,299,1166,12,860,294,30.63414634,23.0,4.0,1839867.5,436800.0,77.75,6.85,23.73,34254.0,63.85,65.3,36.95,43.21,52.85,44.43,64.8,72.99,63.98,8.33,3.228,2550414.0,1449289.0,56.83,Democratic
182,182,New Hampshire,2020,2700,1378600,0.2,131,291,5,215,71,30.63414634,32.0,4.0,819150.0,293454.0,82.15,3.1,35.81,43303.0,64.22,63.45,36.08,40.69,50.99,39.05,67.39,75.96,62.73,16.63,2.425,1357535.0,814942.0,60.03,Democratic
183,183,New Jersey,2020,30400,7080100,0.43,553,1652,17,1205,430,30.63414634,35.0,2.0,5357576.0,2165598.5,80.8,6.0,40.405,46113.0,70.93,71.88,37.63,43.48,58.6,45.54,74.72,77.94,70.24,13.63,2.521,6006247.0,3317785.0,55.24,Democratic
184,184,New Mexico,2020,2600,1866000,0.14,120,376,24,226,126,30.63414634,32.0,4.0,1188320.0,291539.0,72.55,6.25,24.535,29733.0,63.47,67.09,39.74,40.66,53.65,44.81,63.06,72.04,64.97,9.33,2.438,1783151.0,1094459.0,61.38,Democratic
185,185,New York,2020,32600,11467900,0.28,2036,6134,21,5456,657,30.63414634,72.0,14.0,11691979.0,4318171.0,78.2,6.35,36.925,42467.5,73.79,70.95,40.37,44.38,59.95,46.43,75.72,78.37,71.54,14.87,2.607,11324755.0,6625705.0,58.51,Democratic
186,186,North Carolina,2020,16200,8783700,0.18,813,2267,29,1925,313,30.63414634,54.0,18.0,6140032.0,1923061.5,77.25,4.85,31.315,33637.5,62.53,63.32,32.89,42.88,54.66,41.85,68.29,73.04,62.45,9.43,2.472,8739280.0,5117798.0,58.56,Republican
187,187,North Dakota,2020,200,781600,0.03,42,101,0,58,43,30.63414634,13.0,3.0,444419.5,127357.5,84.05,2.65,28.66,36554.0,52.29,51.74,29.89,30.57,46.06,33.77,54.92,67.62,51.06,8.53,2.515,899083.0,643532.0,71.58,Republican
188,188,Ohio,2020,14500,10336400,0.14,656,1845,22,1441,382,30.63414634,32.0,14.0,6756485.0,1925862.0,78.35,4.65,28.5,33949.5,61.08,61.2,31.3,38.52,51.5,38.79,65.94,74.77,59.36,9.44,2.657,10592317.0,5922375.0,55.91,Republican
189,189,Oklahoma,2020,3400,4001700,0.08,263,693,7,340,346,30.63414634,24.0,3.0,2263494.0,545929.5,75.1,4.8,24.115,29817.5,53.35,55.82,27.9,37.58,47.66,38.88,60.64,68.4,55.27,7.63,2.344,3730247.0,2369663.0,63.53,Republican
190,190,Oregon,2020,22800,3692600,0.62,745,2121,66,1622,433,30.63414634,84.0,8.0,2491011.5,806246.0,77.85,5.3,32.365,37253.0,65.82,69.32,43.59,46.2,53.3,41.79,64.94,74.78,65.18,8.82,3.285,4095442.0,2513136.0,61.36,Democratic
191,191,Pennsylvania,2020,17500,10225900,0.17,757,2054,31,1698,325,30.63414634,47.0,19.0,7459115.5,2404131.5,78.65,5.15,32.225,37059.5,63.73,64.16,33.41,40.81,53.85,40.88,69.21,75.78,63.81,9.7,2.824,10690187.0,6230712.0,58.28,Democratic
192,192,Rhode Island,2020,1600,883100,0.18,148,550,79,433,38,30.63414634,27.0,1.0,642186.5,212080.5,80.5,5.45,33.015,38953.5,67.56,67.19,38.78,43.69,54.22,42.33,68.91,77.03,67.04,18.54,2.494,866584.0,458933.0,52.96,Democratic
193,193,South Carolina,2020,4400,4772400,0.09,309,734,3,610,121,30.63414634,37.0,10.0,2953370.0,823286.5,75.75,4.8,27.87,32317.0,59.54,60.52,31.25,39.52,54.76,41.92,65.98,71.89,60.73,9.9,2.375,4561299.0,2662971.0,58.38,Republican
194,194,South Dakota,2020,400,925000,0.04,45,133,0,79,54,30.63414634,17.0,2.0,491368.0,141119.0,82.75,2.7,28.72,33342.5,58.7,57.04,31.0,36.59,47.79,37.37,64.72,70.87,57.12,10.06,2.579,1294282.0,836843.0,64.66,Republican
195,195,Tennessee,2020,7800,6186800,0.13,494,1345,35,1122,188,30.63414634,13.0,11.0,4034613.5,1122254.5,75.85,4.6,27.81,32564.0,55.07,57.5,26.94,36.87,49.96,39.55,62.76,70.78,55.62,9.52,2.313,5855373.0,3532911.0,60.34,Republican
196,196,Texas,2020,52200,24508900,0.21,1579,4807,82,3988,737,30.63414634,100.0,25.0,17181534.0,4992689.5,77.6,4.95,29.045,33492.0,61.27,64.65,33.03,42.7,54.09,45.14,64.9,71.57,64.9,8.36,2.32,22419490.0,13932201.0,62.14,Republican
197,197,Utah,2020,11200,2879700,0.39,444,1606,2,1397,207,30.63414634,23.0,4.0,1858340.0,577896.0,80.75,2.95,31.08,33495.5,58.88,59.5,35.62,35.87,47.79,37.79,60.37,69.96,57.96,8.27,2.788,2479604.0,1446536.0,58.34,Republican
198,198,Vermont,2020,2200,605200,0.36,264,793,71,652,70,30.63414634,31.0,1.0,369386.5,139722.5,81.3,3.65,37.78,37859.0,68.85,67.6,40.71,42.7,52.99,39.79,68.82,77.63,67.57,16.33,2.596,608197.0,384462.0,63.21,Democratic
199,199,Virginia,2020,20500,7697200,0.27,814,2531,126,1876,529,30.63414634,36.0,12.0,5092230.0,1934998.0,80.0,4.05,37.995,42195.5,66.11,66.93,38.05,44.1,56.31,43.7,70.82,73.78,65.77,9.16,2.552,7606452.0,4329294.0,56.92,Democratic
200,200,Washington,2020,50500,6832100,0.74,1235,3817,161,3011,645,30.63414634,73.0,11.0,4594812.5,1598472.0,78.95,4.8,34.78,43849.0,67.36,69.59,43.7,46.45,53.71,42.85,68.4,74.49,65.66,8.33,3.591,7257401.0,4211411.0,58.03,Democratic
201,201,West Virginia,2020,600,1482700,0.04,93,258,9,189,60,30.63414634,8.0,6.0,1014608.0,217295.5,69.0,5.8,21.425,28820.5,48.91,52.87,27.74,31.5,47.28,33.83,56.24,68.98,49.58,8.75,2.627,1657362.0,1102015.0,66.49,Republican
202,202,Wisconsin,2020,6300,5570800,0.11,381,828,76,605,147,30.63414634,38.0,12.0,3395814.0,1019531.5,81.5,3.15,30.025,35894.5,62.47,64.22,32.16,37.06,49.0,37.77,65.71,73.65,58.55,10.82,2.497,5616271.0,3423523.0,60.96,Democratic
203,203,Wyoming,2020,300,638300,0.05,61,172,2,93,77,30.63414634,17.0,2.0,328033.5,84228.0,80.45,3.15,25.68,35630.0,49.7,51.62,32.7,28.47,45.67,34.18,55.2,66.47,49.27,8.27,2.673,861028.0,637107.0,73.99,Republican
204,204,Alabama,2019,2000,4593200,0.04,195,506,56,385,65,32.95789474,10.0,,2823485.0,687404.0,72.6,4.7,24.35,28650.0,49.22,55.19,27.26,31.87,52.75,35.54,60.31,68.2,51.38,9.83,2.295,5288208.452,3065777.868,57.97,Republican
205,205,Alaska,2019,700,602500,0.12,19,34,0,30,4,32.95789474,12.0,,441106.0,118296.0,77.1,5.3,26.82,36978.0,54.94,61.08,43.08,36.73,54.36,39.8,61.41,71.68,57.8,20.22,3.008,795274.6908,579984.6336,72.93,Republican
206,206,Arizona,2019,19500,6217700,0.31,522,1476,3,1169,304,32.95789474,44.0,,4128298.0,1086752.0,76.1,4.5,26.32,32173.0,58.4,61.22,40.0,40.05,53.55,42.51,62.29,71.2,60.81,10.52,2.744,5982559.286,3407707.947,56.96,Republican
207,207,Arkansas,2019,900,2594900,0.03,98,290,2,252,36,32.95789474,21.0,,1710129.0,368040.0,73.4,4.2,21.52,27274.0,50.78,57.28,30.39,31.68,52.3,34.92,61.67,68.92,53.68,8.22,2.31,2902110.817,1833636.363,63.18,Republican
208,208,California,2019,349700,33671900,1.04,6439,27199,532,22933,3661,32.95789474,123.0,,23741665.0,7545298.0,78.0,4.7,31.78,39393.0,64.51,68.48,46.61,51.82,60.51,51.74,70.12,74.43,71.42,16.89,3.959,31247270.05,15443454.43,49.42,Democratic
209,209,Colorado,2019,19200,5249400,0.37,861,2516,72,2195,249,32.95789474,81.0,,3509903.0,1364304.0,81.7,3.3,38.87,41053.0,60.98,62.32,42.16,40.11,54.56,42.84,62.86,71.95,62.57,10.17,2.639,5412403.746,3471825.148,64.15,Democratic
210,210,Connecticut,2019,6900,2972700,0.23,422,1048,76,814,157,32.95789474,34.0,,2107327.0,779167.0,81.4,5.0,36.97,45359.0,64.24,65.96,41.13,42.96,58.21,43.77,72.49,77.23,68.35,18.66,2.547,2878547.943,1520175.624,52.81,Democratic
211,211,Delaware,2019,1300,894900,0.15,57,172,2,117,53,32.95789474,23.0,,555038.0,171810.0,79.4,4.2,30.95,36858.0,61.37,63.66,36.22,42.52,58.92,43.47,65.7,73.43,61.12,10.52,2.481,1016927.475,561323.2149,55.2,Democratic
212,212,District Of Columbia,2019,1800,329300,0.55,172,553,50,502,1,32.95789474,,,467819.0,261583.0,82.4,6.0,55.92,59808.0,74.61,76.32,45.38,57.1,68.55,56.83,72.94,78.21,74.97,12.27,2.657,,,,
213,213,Florida,2019,40300,17071200,0.24,1562,4562,305,3622,635,32.95789474,64.0,,12252687.0,3439620.0,77.1,4.2,28.07,32887.0,58.42,61.42,35.61,41.37,58.69,43.44,65.32,74.14,61.94,10.44,2.609,17833719.6,9342028.405,52.38,Republican
214,214,Georgia,2019,19000,8933600,0.21,882,2939,196,2395,348,32.95789474,25.0,,6271430.0,1893485.0,76.8,4.4,30.19,32657.0,56.38,55.46,35.11,39.65,59.51,41.48,65.66,72.69,59.81,9.86,2.434,8594566.607,4854190.443,56.48,Republican
215,215,Hawaii,2019,8800,1089700,0.81,296,666,14,575,77,32.95789474,26.0,,816298.0,249650.0,80.7,3.1,30.58,36989.0,68.01,73.96,48.1,52.21,61.25,55.15,72.65,75.21,73.63,28.72,3.732,1272360.871,730630.8005,57.42,Democratic
216,216,Idaho,2019,1600,1810300,0.09,95,216,2,147,67,32.95789474,30.0,,1002442.0,255770.0,78.1,2.8,25.51,29606.0,52.88,56.07,38.78,31.54,51.38,35.55,63.96,70.36,55.21,7.89,2.762,1954527.866,1281630.093,65.57,Republican
217,217,Illinois,2019,19300,10348100,0.19,663,1864,44,1537,283,32.95789474,54.0,,7478426.0,2546072.0,79.9,4.6,34.05,37728.0,61.72,63.59,38.16,39.76,57.39,43.68,68.38,76.87,63.73,9.56,2.823,10691946.84,6019624.84,56.3,Democratic
218,218,Indiana,2019,5100,5972800,0.09,239,614,0,477,137,32.95789474,51.0,,3885382.0,977432.0,78.4,3.8,25.16,30988.0,51.87,54.81,31.51,31.7,49.95,34.66,58.17,71.29,50.66,9.91,2.624,6223459.576,3764005.047,60.48,Republican
219,219,Iowa,2019,1600,3085400,0.05,141,348,27,234,87,32.95789474,39.0,,1786635.0,491768.0,83.1,3.2,27.52,33107.0,55.47,59.3,34.86,32.5,51.06,33.42,63.03,70.66,56.24,9.08,2.463,3786327.973,2362436.677,62.39,Republican
220,220,Kansas,2019,2300,2583300,0.09,234,904,4,795,105,32.95789474,12.0,,1652952.0,508557.0,81.6,3.3,30.77,32885.0,55.15,56.47,34.14,33.62,52.23,35.73,62.4,70.95,54.67,10.26,2.362,2682337.267,1636289.42,61.0,Republican
221,221,Kentucky,2019,1900,3973600,0.05,133,315,8,247,60,32.95789474,24.0,,2587967.0,609186.0,72.8,4.4,23.54,29029.0,48.22,54.27,28.57,28.53,49.71,30.94,55.8,69.29,48.6,8.61,2.385,4383222.93,2591075.034,59.11,Republican
222,222,Louisiana,2019,1400,3808600,0.04,107,293,18,215,60,32.95789474,17.0,,2696667.0,615845.0,72.4,5.2,22.84,28662.0,52.67,55.49,29.5,36.3,53.82,38.18,62.69,69.95,55.53,7.71,2.266,3802745.712,2382364.859,62.65,Republican
223,223,Maine,2019,1300,1212400,0.11,184,433,25,298,110,32.95789474,16.0,,779468.0,237597.0,79.4,3.0,30.48,34078.0,60.14,60.78,38.64,39.39,53.93,40.02,61.66,74.51,58.7,14.04,2.484,1130055.585,699922.8527,61.94,Democratic
224,224,Maryland,2019,13200,4744200,0.28,738,2110,52,1717,341,32.95789474,56.0,,3595987.0,1368001.0,81.9,4.2,38.04,43325.0,66.52,67.91,42.26,47.47,63.54,47.98,72.23,76.51,69.31,11.24,2.56,4203993.693,2198748.608,52.3,Democratic
225,225,Massachusetts,2019,14100,5264200,0.27,811,2455,38,2131,286,32.95789474,54.0,,4162623.0,1766622.0,82.4,3.7,42.44,46241.0,67.35,67.52,45.04,46.64,59.23,46.44,70.73,78.71,70.0,18.4,2.466,5061259.745,2795845.715,55.24,Democratic
226,226,Michigan,2019,6600,8551500,0.08,616,1429,68,1123,228,32.95789474,37.0,,5802992.0,1620524.0,77.3,4.7,27.93,32892.0,58.94,59.12,36.05,39.26,54.66,38.91,68.57,75.84,59.51,11.56,2.677,8440064.861,5346580.618,63.35,Democratic
227,227,Minnesota,2019,7700,5178900,0.15,380,1051,123,777,151,32.95789474,117.0,,3271095.0,1158750.0,85.0,2.8,35.42,39025.0,60.63,63.88,38.0,37.26,53.67,37.77,62.69,72.14,58.72,10.33,2.492,5425884.596,3334228.537,61.45,Democratic
228,228,Mississippi,2019,500,2664300,0.02,81,292,58,178,56,32.95789474,16.0,,1693649.0,336779.0,71.1,6.1,19.88,25301.0,50.06,50.76,28.53,34.29,54.62,37.41,63.28,70.92,54.83,9.28,2.212,2066680.604,1221681.103,59.11,Republican
229,229,Missouri,2019,4900,5743200,0.09,452,1895,11,1712,172,32.95789474,53.0,,3543211.0,1017063.0,77.7,3.4,28.7,31756.0,54.32,58.06,33.13,33.58,52.01,35.86,61.33,70.54,54.66,9.68,2.371,5534288.656,3318326.616,59.96,Republican
230,230,Montana,2019,700,970100,0.07,55,137,3,77,57,32.95789474,24.0,,602400.0,186283.0,79.0,3.5,30.92,32625.0,52.27,56.53,38.11,29.37,48.63,33.31,60.43,70.3,53.28,9.02,2.636,1900805.765,1117727.92,58.8,Republican
231,231,Nebraska,2019,1300,1881100,0.07,95,238,7,169,62,32.95789474,17.0,,1092193.0,343372.0,84.9,2.8,31.44,33272.0,51.73,55.48,33.42,30.11,51.09,33.0,59.9,70.16,53.04,9.08,2.512,1968478.877,1239178.572,62.95,Republican
232,232,Nevada,2019,7900,2403700,0.33,284,927,15,684,228,32.95789474,22.0,,1821098.0,413130.0,78.1,4.5,22.69,33575.0,59.35,62.45,38.8,41.12,56.43,44.66,62.91,72.42,61.73,8.78,3.184,2546583.257,1407165.409,55.26,Democratic
233,233,New Hampshire,2019,1900,1367900,0.14,121,244,5,197,42,32.95789474,32.0,,811267.0,280413.0,82.5,2.7,34.56,41241.0,59.36,60.61,41.24,38.57,54.45,36.97,65.27,75.92,62.25,17.15,2.392,1363379.257,791892.1421,58.08,Democratic
234,234,New Jersey,2019,20200,7242600,0.28,457,1297,17,975,305,32.95789474,34.0,,5252188.0,2076227.0,81.0,4.4,39.53,44888.0,66.26,68.42,39.71,43.27,61.52,46.9,72.86,78.2,69.51,13.42,2.486,6033014.586,3219369.372,53.36,Democratic
235,235,New Mexico,2019,1900,1857100,0.1,82,245,24,123,98,32.95789474,32.0,,1185977.0,275109.0,72.8,5.1,23.2,28423.0,59.08,65.21,41.36,41.51,55.42,45.14,60.48,71.57,62.42,8.99,2.404,1825421.381,1117574.569,61.22,Democratic
236,236,New York,2019,23000,11497200,0.2,1655,4531,25,4000,506,32.95789474,71.0,,11634114.0,4176972.0,78.6,4.2,35.9,41857.0,68.33,67.86,42.94,45.76,64.0,50.46,74.94,78.97,71.52,14.34,2.571,11389158.45,6478324.109,56.88,Democratic
237,237,North Carolina,2019,11600,8663300,0.13,732,1903,28,1592,283,32.95789474,53.0,,6125270.0,1845777.0,77.2,4.2,30.13,32021.0,58.26,60.42,35.39,39.38,57.25,40.22,65.52,73.42,59.88,9.45,2.438,8527387.905,4872877.039,57.14,Republican
238,238,North Dakota,2019,200,778800,0.03,28,46,0,46,0,32.95789474,13.0,,445017.0,124809.0,85.1,2.4,28.05,36611.0,45.74,48.96,32.57,25.59,45.75,28.96,52.67,69.07,46.61,8.85,2.48,903667.712,632588.2857,70.0,Republican
239,239,Ohio,2019,10200,10336000,0.1,544,1443,20,1140,283,32.95789474,32.0,,6750033.0,1873907.0,78.6,4.1,27.76,32780.0,55.8,57.77,33.41,35.19,54.36,36.97,63.57,72.48,56.02,9.58,2.62,10901278.74,6029875.65,55.31,Republican
240,240,Oklahoma,2019,3400,4147800,0.08,131,309,9,222,78,32.95789474,24.0,,2254095.0,529068.0,74.9,4.0,23.47,29666.0,47.09,53.25,30.44,30.28,50.37,34.35,59.04,68.7,50.78,7.86,2.312,3706623.797,2319185.323,62.57,Republican
241,241,Oregon,2019,18800,3815100,0.49,722,1895,79,1502,314,32.95789474,83.0,,2486768.0,782560.0,78.3,4.5,31.47,35531.0,60.54,66.7,45.72,45.26,56.58,44.62,63.88,73.85,63.55,8.81,3.24,3919156.992,2341804.737,59.75,Democratic
242,242,Pennsylvania,2019,12000,10075600,0.12,572,1475,25,1203,247,32.95789474,47.0,,7436372.0,2315847.0,78.7,4.2,31.14,35804.0,57.42,60.09,34.8,37.37,56.47,40.48,66.76,75.75,61.61,9.81,2.785,10800315.35,6109527.757,56.57,Democratic
243,243,Rhode Island,2019,1100,886600,0.12,113,407,79,305,23,32.95789474,27.0,,633964.0,205345.0,80.4,3.7,32.39,37525.0,63.08,64.9,39.88,44.61,56.59,43.06,65.25,75.99,64.55,18.49,2.46,868941.7594,446013.6511,51.33,Democratic
244,244,South Carolina,2019,3000,4692100,0.06,286,643,3,547,93,32.95789474,37.0,,2949084.0,791368.0,76.1,4.3,26.83,31295.0,54.23,57.63,33.15,36.04,56.88,38.45,65.06,72.36,57.7,10.02,2.343,4516142.58,2580737.097,57.14,Republican
245,245,South Dakota,2019,300,915200,0.03,41,127,0,75,52,32.95789474,17.0,,491918.0,136661.0,83.0,2.8,27.78,31550.0,52.39,53.08,33.01,30.07,50.53,34.39,64.06,71.38,53.56,9.96,2.543,1280968.587,811405.3112,63.34,Republican
246,246,Tennessee,2019,5700,6089500,0.09,453,1207,35,995,177,32.95789474,12.0,,3998664.0,1085458.0,76.0,4.2,27.15,31224.0,49.7,54.02,29.54,31.43,52.58,35.21,61.67,69.7,52.39,9.69,2.281,5817886.911,3418200.477,58.75,Republican
247,247,Texas,2019,38400,24091300,0.16,1376,4009,107,3275,627,32.95789474,100.0,,17017871.0,4753313.0,77.6,4.0,27.93,32267.0,55.8,62.02,34.66,40.95,57.09,42.76,64.0,70.95,62.1,8.6,2.288,23007145.81,14272065.0,62.03,Republican
248,248,Utah,2019,8000,2807700,0.28,289,950,2,785,163,32.95789474,23.0,,1813773.0,547322.0,81.2,2.6,30.18,31771.0,53.32,57.22,38.54,31.29,49.89,35.7,60.51,69.51,56.8,8.24,2.75,2430275.234,1396130.181,57.45,Republican
249,249,Vermont,2019,1700,612500,0.28,237,664,75,542,47,32.95789474,31.0,,363480.0,127285.0,81.4,3.2,35.02,35702.0,65.02,65.0,42.33,45.01,55.99,41.83,67.52,77.25,67.36,15.36,2.56,620428.2162,382312.8437,61.62,Democratic
250,250,Virginia,2019,15000,7773500,0.19,710,2056,124,1592,340,32.95789474,33.0,,5073722.0,1874676.0,80.1,3.6,36.95,40635.0,62.14,64.53,39.33,41.34,59.54,44.02,68.41,73.4,63.64,9.52,2.517,7647692.483,4231772.465,55.33,Democratic
251,251,Washington,2019,40400,6699400,0.6,1095,3206,178,2541,487,32.95789474,73.0,,4558461.0,1539831.0,79.5,4.1,33.78,41521.0,62.8,66.41,46.62,43.79,57.59,44.94,66.49,73.2,65.17,8.04,3.541,7377027.784,4176179.952,56.61,Democratic
252,252,West Virginia,2019,400,1498300,0.03,89,244,9,175,60,32.95789474,8.0,,1020022.0,205833.0,69.6,5.7,20.18,27446.0,44.49,49.06,29.05,24.81,48.99,29.27,51.77,68.72,44.14,8.49,2.59,1668113.223,1081518.415,64.83,Republican
253,253,Wisconsin,2019,4700,5563900,0.08,345,711,78,492,141,32.95789474,38.0,,3381964.0,1000629.0,81.9,2.9,29.59,34568.0,58.73,62.11,35.46,35.74,51.82,36.84,65.7,74.09,58.03,10.66,2.463,5666399.811,3363550.798,59.36,Democratic
254,254,Wyoming,2019,200,630800,0.03,57,159,4,90,65,32.95789474,16.0,,328824.0,82718.0,80.1,3.1,25.16,34104.0,43.17,48.55,34.93,23.21,46.33,28.25,50.41,68.44,44.46,8.1,2.636,843670.8928,614707.1497,72.86,Republican
255,255,Alabama,2018,1300,4476700,0.03,165,395,72,261,62,54.0,10.0,14.0,2825611.0,664685.0,71.3,5.2,23.52,27525.0,52.66,54.44,30.01,39.92,56.91,40.85,63.57,75.06,58.54,9.63,2.243,5300199.154,3023208.41,57.04,Republican
256,256,Alaska,2018,500,613900,0.08,7,11,0,11,0,54.0,12.0,2.0,446460.0,117735.0,78.6,6.3,26.37,35735.0,57.48,61.28,40.87,42.23,55.98,41.69,63.01,74.57,62.31,19.36,2.94,803683.5592,580390.2365,72.22,Republican
257,257,Arizona,2018,12600,6033300,0.21,480,1227,3,996,228,54.0,44.0,8.0,4070854.0,1065567.0,75.5,4.8,26.18,30530.0,60.31,61.14,40.29,42.64,56.33,45.29,64.18,75.91,63.76,10.85,2.682,5806312.675,3235917.536,55.73,Republican
258,258,Arkansas,2018,600,2591500,0.02,70,124,3,101,20,54.0,21.0,8.0,1714011.0,363722.0,72.4,4.0,21.22,26626.0,53.17,57.23,31.77,38.39,55.53,39.68,64.21,73.79,58.73,7.78,2.258,2817145.296,1792851.129,63.64,Republican
259,259,California,2018,273500,32814500,0.83,5480,21166,641,17778,2657,54.0,118.0,19.0,23858755.0,7346033.0,77.5,5.2,30.79,37124.0,67.21,68.47,45.88,51.57,61.48,51.55,72.03,79.07,69.74,16.58,3.87,31022327.88,15033964.63,48.46,Democratic
260,260,Colorado,2018,12500,5131900,0.24,707,1788,78,1499,211,54.0,79.0,5.0,3466554.0,1309553.0,81.5,3.5,37.78,38057.0,62.72,62.15,42.43,42.64,55.85,44.97,64.59,76.03,64.69,10.02,2.579,5356017.862,3353668.762,62.61,Democratic
261,261,Connecticut,2018,5000,2971400,0.17,383,837,37,670,129,54.0,34.0,8.0,2120095.0,780847.0,81.2,5.1,36.83,44026.0,67.25,65.75,40.8,47.78,60.88,45.81,73.35,81.03,68.8,18.41,2.489,2879801.55,1473679.373,51.17,Democratic
262,262,Delaware,2018,800,878600,0.09,50,133,2,80,51,54.0,23.0,3.0,558497.0,157678.0,77.3,5.3,28.23,33745.0,61.38,62.7,36.64,43.66,60.27,45.4,67.87,78.33,63.38,10.55,2.425,1008467.635,543231.4438,53.87,Democratic
263,263,District Of Columbia,2018,1100,334400,0.33,124,337,43,290,4,54.0,,2.0,467528.0,263428.0,82.7,7.3,56.34,55328.0,74.54,75.04,44.19,53.0,67.48,54.43,72.97,79.79,72.63,12.03,2.597,,,,
264,264,Florida,2018,27400,16774700,0.16,1265,3027,215,2373,439,54.0,64.0,27.0,12198931.0,3380275.0,76.2,4.7,27.71,31359.0,60.14,61.5,36.85,44.97,61.32,45.87,67.34,78.07,64.18,10.32,2.55,17496001.92,8882854.527,50.77,Republican
265,265,Georgia,2018,15900,8830100,0.18,772,2188,155,1762,271,54.0,25.0,16.0,6241122.0,1836344.0,76.6,4.4,29.42,31187.0,59.7,55.71,34.9,43.81,60.53,44.31,67.29,77.23,63.63,9.62,2.379,8512550.238,4714799.278,55.39,Republican
266,266,Hawaii,2018,6600,1080700,0.61,278,536,9,445,81,54.0,26.0,2.0,824717.0,251343.0,81.2,3.7,30.48,35255.0,68.61,73.19,47.35,52.87,62.22,53.36,74.09,78.87,72.07,29.18,3.648,1267385.325,723959.7689,57.12,Democratic
267,267,Idaho,2018,1100,1760600,0.06,87,174,2,130,42,54.0,29.0,5.0,980156.0,244823.0,76.9,3.5,24.98,27816.0,55.62,56.23,38.97,41.4,54.43,39.84,66.07,74.81,60.54,8.17,2.7,1879670.042,1210554.376,64.4,Republican
268,268,Illinois,2018,13600,10234400,0.13,579,1399,33,1133,233,54.0,54.0,15.0,7554854.0,2517054.0,79.9,5.2,33.32,35801.0,66.1,63.57,37.56,43.52,59.89,44.96,69.01,79.41,64.66,9.6,2.76,10588909.73,5756733.868,54.37,Democratic
269,269,Indiana,2018,3400,5908700,0.06,225,489,0,381,108,54.0,51.0,14.0,3882186.0,981958.0,78.2,4.0,25.29,29369.0,54.25,54.59,33.05,36.17,52.78,38.13,60.25,76.78,56.85,9.75,2.565,6190735.937,3670024.459,59.28,Republican
270,270,Iowa,2018,1100,3061200,0.04,129,296,27,215,54,54.0,39.0,9.0,1787109.0,488615.0,82.7,3.2,27.34,31559.0,58.37,58.53,34.86,39.3,55.59,37.68,63.36,75.48,59.71,8.92,2.407,3691891.776,2245709.853,60.83,Republican
271,271,Kansas,2018,1700,2554800,0.07,198,783,6,711,66,54.0,12.0,6.0,1658244.0,512414.0,81.0,3.3,30.9,31456.0,57.08,57.12,35.29,40.2,55.35,41.48,63.16,74.86,60.41,10.72,2.309,2684009.916,1607396.874,59.89,Republican
272,272,Kentucky,2018,1200,3939400,0.03,114,221,8,164,49,54.0,24.0,9.0,2608766.0,602661.0,72.6,4.8,23.1,27823.0,50.44,54.17,29.25,35.25,52.11,37.29,59.28,73.94,55.61,8.52,2.331,4368285.035,2534172.181,58.01,Republican
273,273,Louisiana,2018,900,3794800,0.02,102,213,5,152,56,54.0,17.0,8.0,2714016.0,599821.0,72.4,5.9,22.1,27274.0,55.23,56.49,31.06,40.96,57.13,42.22,64.89,75.42,61.17,7.71,2.215,3885118.819,2352678.563,60.56,Republican
274,274,Maine,2018,800,1205600,0.07,151,264,7,201,56,54.0,16.0,4.0,781191.0,226506.0,79.3,3.0,28.99,32095.0,60.47,61.03,40.03,41.13,54.45,40.71,63.77,78.71,62.21,13.44,2.428,1125588.426,679175.3749,60.34,Democratic
275,275,Maryland,2018,8400,4726400,0.18,665,1752,60,1428,264,54.0,55.0,7.0,3620466.0,1369463.0,81.9,4.6,37.83,41522.0,68.27,67.0,40.31,49.19,64.56,49.36,73.1,79.94,69.15,11.57,2.502,4204846.044,2141055.992,50.92,Democratic
276,276,Massachusetts,2018,10300,5298100,0.19,649,1794,36,1554,204,54.0,53.0,10.0,4188168.0,1749943.0,81.1,4.3,41.78,43349.0,69.55,67.79,43.32,48.05,60.53,46.44,71.28,80.85,68.52,18.5,2.411,5061498.6,2696290.395,53.27,Democratic
277,277,Michigan,2018,4200,8698100,0.05,606,1382,103,1091,178,54.0,37.0,13.0,5839685.0,1606176.0,76.7,4.9,27.5,31508.0,61.54,59.24,36.72,43.0,57.46,42.5,70.21,79.85,61.03,11.4,2.617,8380386.525,5095521.896,60.8,Democratic
278,278,Minnesota,2018,4900,5012200,0.1,318,788,140,531,117,54.0,115.0,8.0,3280145.0,1134795.0,84.3,3.2,34.6,37192.0,61.15,63.45,38.74,40.14,55.47,41.25,63.18,76.03,63.09,10.37,2.436,5404277.269,3165855.888,58.58,Democratic
279,279,Mississippi,2018,300,2593600,0.01,58,119,1,79,39,54.0,16.0,4.0,1707539.0,359708.0,70.7,6.6,21.07,24160.0,55.44,52.1,30.52,41.37,57.58,42.75,66.19,75.49,59.81,9.24,2.162,2067498.314,1206447.494,58.35,Republican
280,280,Missouri,2018,3500,5780400,0.06,409,1675,12,1520,143,54.0,53.0,8.0,3554111.0,994041.0,77.4,3.9,27.97,30498.0,56.58,58.3,34.7,39.32,54.08,39.43,62.39,76.33,61.0,9.93,2.318,5498674.974,3215389.463,58.48,Republican
281,281,Montana,2018,500,976000,0.05,43,96,1,47,48,54.0,24.0,3.0,603344.0,172866.0,79.3,3.1,28.65,30680.0,56.64,56.06,38.21,38.92,52.08,37.69,61.66,72.6,59.42,8.84,2.577,1845338.15,1093927.071,59.28,Republican
282,282,Nebraska,2018,900,1866000,0.05,78,195,8,129,58,54.0,17.0,4.0,1094875.0,333066.0,83.5,3.0,30.42,31771.0,55.44,56.65,34.89,37.84,53.74,38.12,60.58,74.31,59.42,9.02,2.455,1961308.579,1209012.846,61.64,Republican
283,283,Nevada,2018,5100,2352400,0.22,226,659,13,492,154,54.0,22.0,4.0,1801830.0,395986.0,77.7,5.1,21.98,31604.0,60.62,62.36,39.09,42.48,56.5,45.79,64.92,76.29,64.25,8.67,3.112,2514338.276,1361583.36,54.15,Democratic
284,284,New Hampshire,2018,1200,1345000,0.09,126,228,10,171,47,54.0,31.0,4.0,810806.0,273218.0,81.8,3.4,33.7,39521.0,61.55,61.13,41.41,42.76,55.68,41.4,66.98,79.63,62.97,17.01,2.338,1346318.258,757352.6588,56.25,Democratic
285,285,New Jersey,2018,13400,7151100,0.19,309,749,18,552,179,54.0,33.0,3.0,5305228.0,2073911.0,80.6,4.6,39.09,42815.0,67.33,67.52,38.53,46.94,63.74,48.61,73.24,81.7,69.5,13.23,2.43,6055389.444,3124738.397,51.6,Democratic
286,286,New Mexico,2018,1300,1830400,0.07,70,181,25,87,69,54.0,32.0,5.0,1186864.0,274881.0,71.2,5.7,23.16,26529.0,61.03,65.03,42.93,42.55,57.36,47.59,62.38,75.54,65.59,9.35,2.35,1824217.475,1102580.229,60.44,Democratic
287,287,New York,2018,15500,11483600,0.13,1157,2562,53,2189,320,54.0,67.0,14.0,11754335.0,4145049.0,77.8,4.7,35.26,38884.0,70.76,67.99,39.69,47.89,65.51,48.77,74.48,80.48,70.8,14.83,2.513,11482229.1,6297198.065,54.84,Democratic
288,288,North Carolina,2018,7300,8480900,0.09,666,1488,36,1235,217,54.0,51.0,19.0,6095898.0,1812964.0,77.1,4.5,29.74,30737.0,59.28,60.04,35.86,43.57,59.08,44.56,67.43,77.68,62.71,9.25,2.383,8210212.654,4595651.19,55.97,Republican
289,289,North Dakota,2018,100,772500,0.01,20,28,0,28,0,54.0,13.0,3.0,446936.0,122477.0,83.9,2.5,27.4,34848.0,50.7,50.46,33.34,32.85,49.83,34.44,52.63,72.92,56.25,8.91,2.424,899952.5097,617535.5056,68.62,Republican
290,290,Ohio,2018,6400,10254200,0.06,441,949,27,720,202,54.0,32.0,17.0,6783513.0,1864052.0,78.3,4.5,27.48,31293.0,58.05,57.49,34.65,39.34,55.74,40.59,65.74,78.57,59.41,9.94,2.561,10913773.31,5858774.241,53.68,Republican
291,291,Oklahoma,2018,3700,4126000,0.09,65,167,9,116,42,54.0,23.0,4.0,2254379.0,515808.0,74.7,4.0,22.88,28011.0,51.13,54.19,32.37,38.35,53.52,39.2,61.58,73.29,58.63,8.09,2.26,3699021.852,2270493.151,61.38,Republican
292,292,Oregon,2018,13800,3843700,0.36,669,1544,85,1186,273,54.0,83.0,10.0,2477756.0,766637.0,77.9,4.5,30.94,34058.0,61.98,66.45,44.38,44.92,56.25,44.42,66.43,77.96,65.57,8.85,3.167,3942874.801,2302880.781,58.41,Democratic
293,293,Pennsylvania,2018,8000,10003000,0.08,453,985,9,776,200,54.0,46.0,19.0,7474664.0,2292722.0,78.6,4.5,30.67,33960.0,60.75,60.2,35.27,40.63,57.39,42.76,67.83,78.87,63.33,10.1,2.723,10727714.83,5874766.633,54.76,Democratic
294,294,Rhode Island,2018,700,883400,0.08,89,246,21,205,20,54.0,27.0,1.0,633571.0,199152.0,79.5,5.2,31.43,34999.0,63.77,64.98,41.15,43.44,57.1,45.0,67.04,79.49,64.42,18.1,2.404,872344.1762,429552.1501,49.24,Democratic
295,295,South Carolina,2018,2000,4604500,0.04,270,554,4,463,87,54.0,37.0,11.0,2925399.0,752074.0,75.8,4.9,25.71,28957.0,57.04,57.36,35.21,41.89,60.14,42.91,66.89,75.97,62.0,9.67,2.29,4457518.846,2493038.792,55.93,Republican
296,296,South Dakota,2018,200,919800,0.02,33,77,0,33,44,54.0,17.0,3.0,495283.0,132893.0,82.4,2.7,26.83,29953.0,56.11,54.33,34.63,38.48,53.97,37.97,64.53,75.53,60.09,9.97,2.486,1269414.742,787407.8963,62.03,Republican
297,297,Tennessee,2018,3900,5931800,0.07,458,1145,29,951,165,54.0,12.0,11.0,3973372.0,1021392.0,75.3,5.1,25.71,29284.0,53.66,54.56,30.86,39.26,56.79,40.59,65.22,74.27,57.34,9.58,2.23,5770873.794,3274808.637,56.75,Republican
298,298,Texas,2018,24500,22972500,0.11,1180,3138,98,2615,425,54.0,98.0,25.0,16866183.0,4614669.0,76.9,4.5,27.36,30641.0,58.87,62.28,35.35,44.8,58.53,46.83,66.02,76.05,65.09,8.48,2.237,22186240.57,13518870.89,60.93,Republican
299,299,Utah,2018,5600,2705100,0.21,196,553,2,434,117,54.0,23.0,4.0,1781379.0,534780.0,79.6,2.8,30.02,29756.0,56.87,56.5,39.12,39.62,53.15,39.07,61.82,73.61,62.12,8.21,2.688,2372800.103,1344546.531,56.66,Republican
300,300,Vermont,2018,1100,614200,0.18,209,535,62,416,57,54.0,29.0,1.0,365428.0,128942.0,81.4,3.5,35.29,33956.0,66.87,65.19,41.73,44.09,56.66,43.17,68.71,81.12,66.29,15.13,2.502,619693.7104,369738.1429,59.66,Democratic
301,301,Virginia,2018,9900,7694500,0.13,615,1446,95,1100,251,54.0,33.0,15.0,5083498.0,1855841.0,79.5,3.9,36.51,38900.0,63.0,63.4,39.13,44.96,61.84,46.07,69.88,78.22,65.58,9.48,2.46,7604646.236,4106265.345,54.0,Democratic
302,302,Washington,2018,30200,6644500,0.45,961,2573,171,2085,317,54.0,73.0,12.0,4526253.0,1517004.0,78.8,3.9,33.52,39119.0,63.69,66.41,44.62,45.74,58.24,45.9,68.73,77.29,66.46,8.0,3.461,7152412.938,3928127.406,54.92,Democratic
303,303,West Virginia,2018,200,1515200,0.01,89,212,9,150,53,54.0,8.0,8.0,1033325.0,206678.0,68.3,5.4,20.0,26179.0,46.35,48.53,30.3,32.6,51.21,34.35,54.03,71.69,53.55,8.72,2.532,1693719.471,1069746.317,63.16,Republican
304,304,Wisconsin,2018,3700,5512200,0.07,306,557,90,359,108,54.0,37.0,14.0,3400346.0,955330.0,81.6,2.9,28.1,33032.0,60.48,61.47,34.84,39.46,54.01,39.91,67.22,78.5,60.46,10.58,2.407,5683061.122,3244241.431,57.09,Democratic
305,305,Wyoming,2018,200,623600,0.03,45,121,4,53,64,54.0,14.0,2.0,329459.0,81612.0,80.5,3.4,24.77,33522.0,48.65,49.08,34.54,32.26,48.71,34.15,51.72,71.15,55.0,8.09,2.577,837024.0712,600451.8336,71.74,Republican
306,306,Alabama,2017,800,4458900,0.02,145,319,47,221,51,,10.0,14.0,2832732.0,667228.0,70.5,5.4,23.55,26498.0,,,,,,,,,,9.83,,,,,
307,307,Alaska,2017,400,636100,0.06,7,11,0,11,0,,12.0,2.0,452840.0,113311.0,78.5,7.4,25.02,34222.0,,,,,,,,,,19.1,,,,,
308,308,Arizona,2017,7200,5846300,0.12,432,1041,3,907,131,,44.0,8.0,3985964.0,1030067.0,75.2,5.2,25.84,29420.0,,,,,,,,,,10.64,,,,,
309,309,Arkansas,2017,300,2601700,0.01,62,112,6,96,10,,21.0,8.0,1711600.0,368963.0,72.4,5.0,21.56,25316.0,,,,,,,,,,8.26,,,,,
310,310,California,2017,189700,31999600,0.59,4683,16111,854,13982,1196,,117.0,19.0,23935553.0,7251758.0,77.0,5.5,30.3,35046.0,,,,,,,,,,16.06,,,,,
311,311,Colorado,2017,8000,5075500,0.16,567,1401,92,1188,121,,78.0,5.0,3423296.0,1276902.0,80.8,3.8,37.3,36345.0,,,,,,,,,,9.99,,,,,
312,312,Connecticut,2017,3000,3037300,0.1,358,782,45,654,81,,34.0,8.0,2141486.0,768531.0,80.6,5.8,35.89,42029.0,,,,,,,,,,17.55,,,,,
313,313,Delaware,2017,400,867500,0.05,41,113,2,74,37,,23.0,3.0,559368.0,161972.0,74.4,4.9,28.96,33887.0,,,,,,,,,,10.91,,,,,
314,314,District Of Columbia,2017,800,330000,0.24,97,264,45,217,2,,,2.0,464916.0,246858.0,81.2,6.4,53.1,52500.0,,,,,,,,,,11.8,,,,,
315,315,Florida,2017,15900,16353600,0.1,1134,2508,275,2015,218,,63.0,27.0,12070889.0,3251850.0,75.7,5.2,26.94,29838.0,,,,,,,,,,10.42,,,,,
316,316,Georgia,2017,14400,8691900,0.17,698,1882,166,1504,212,,24.0,16.0,6204152.0,1770499.0,76.3,5.3,28.54,29668.0,,,,,,,,,,9.83,,,,,
317,317,Hawaii,2017,5400,1066800,0.51,275,626,21,534,70,,26.0,2.0,837426.0,247995.0,80.9,4.1,29.61,33882.0,,,,,,,,,,26.05,,,,,
318,318,Idaho,2017,700,1707300,0.04,77,171,2,126,43,,29.0,5.0,960465.0,230085.0,75.8,3.7,23.96,26386.0,,,,,,,,,,8.26,,,,,
319,319,Illinois,2017,8300,10224200,0.08,543,1205,38,1045,122,,54.0,15.0,7620009.0,2469539.0,79.1,5.7,32.41,34196.0,,,,,,,,,,9.49,,,,,
320,320,Indiana,2017,1900,5846900,0.03,198,399,1,337,61,,51.0,14.0,3877065.0,968340.0,77.5,4.3,24.98,28323.0,,,,,,,,,,9.77,,,,,
321,321,Iowa,2017,600,3050300,0.02,117,258,33,185,40,,39.0,9.0,1793771.0,487363.0,82.7,3.2,27.17,30865.0,,,,,,,,,,8.73,,,,,
322,322,Kansas,2017,1000,2550000,0.04,194,742,7,691,44,,12.0,6.0,1668778.0,510906.0,80.5,3.7,30.62,30146.0,,,,,,,,,,10.6,,,,,
323,323,Kentucky,2017,700,3916200,0.02,95,191,8,143,40,,24.0,9.0,2602304.0,586687.0,72.6,5.1,22.54,26779.0,,,,,,,,,,8.57,,,,,
324,324,Louisiana,2017,600,3787700,0.02,88,195,8,142,45,,17.0,8.0,2742486.0,596178.0,72.0,6.2,21.74,25885.0,,,,,,,,,,7.79,,,,,
325,325,Maine,2017,500,1199700,0.04,129,216,6,183,27,,15.0,4.0,779269.0,228876.0,78.7,3.8,29.37,31088.0,,,,,,,,,,13.02,,,,,
326,326,Maryland,2017,4400,4680600,0.09,563,1360,74,1135,151,,55.0,7.0,3652068.0,1341339.0,81.5,4.8,36.73,39960.0,,,,,,,,,,11.98,,,,,
327,327,Massachusetts,2017,5600,5258200,0.11,586,1474,38,1335,101,,53.0,10.0,4170883.0,1691938.0,80.8,4.2,40.57,41821.0,,,,,,,,,,17.12,,,,,
328,328,Michigan,2017,2500,8701000,0.03,554,1206,132,991,81,,37.0,13.0,5849315.0,1578866.0,76.4,5.4,26.99,30488.0,,,,,,,,,,11.28,,,,,
329,329,Minnesota,2017,2300,4820300,0.05,294,760,151,513,96,,115.0,8.0,3272525.0,1113866.0,84.2,3.2,34.04,36156.0,,,,,,,,,,10.27,,,,,
330,330,Mississippi,2017,200,2575600,0.01,57,116,3,80,33,,16.0,4.0,1702032.0,335958.0,70.6,6.6,19.74,23121.0,,,,,,,,,,9.09,,,,,
331,331,Missouri,2017,2100,5740700,0.04,377,1558,17,1437,104,,51.0,8.0,3547653.0,974591.0,77.7,4.2,27.47,29438.0,,,,,,,,,,10.03,,,,,
332,332,Montana,2017,300,980200,0.03,33,84,0,40,44,,24.0,3.0,604339.0,174067.0,79.4,3.5,28.8,29428.0,,,,,,,,,,8.92,,,,,
333,333,Nebraska,2017,500,1850200,0.03,64,163,8,113,42,,16.0,4.0,1097542.0,324180.0,84.3,2.8,29.54,30915.0,,,,,,,,,,9.08,,,,,
334,334,Nevada,2017,3100,2289500,0.14,229,604,15,483,106,,22.0,4.0,1789837.0,394329.0,77.7,5.4,22.03,30166.0,,,,,,,,,,8.76,,,,,
335,335,New Hampshire,2017,600,1325000,0.05,100,189,17,134,38,,31.0,4.0,810674.0,277591.0,82.8,3.4,34.24,38237.0,,,,,,,,,,16.17,,,,,
336,336,New Jersey,2017,6900,6911300,0.1,265,553,33,420,100,,32.0,3.0,5385126.0,2044040.0,80.2,5.0,37.96,40567.0,,,,,,,,,,13.32,,,,,
337,337,New Mexico,2017,700,1814100,0.04,61,165,27,73,65,,32.0,5.0,1185649.0,270040.0,70.8,6.3,22.78,25311.0,,,,,,,,,,9.59,,,,,
338,338,New York,2017,9400,11457800,0.08,954,1952,81,1695,176,,67.0,14.0,12012187.0,4079238.0,77.5,5.2,33.96,37156.0,,,,,,,,,,14.74,,,,,
339,339,North Carolina,2017,4400,8366300,0.05,595,1352,65,1130,157,,51.0,19.0,6052177.0,1766592.0,76.8,4.8,29.19,29560.0,,,,,,,,,,9.04,,,,,
340,340,North Dakota,2017,100,775100,0.01,10,15,0,15,0,,13.0,3.0,446948.0,128261.0,85.1,2.7,28.7,34041.0,,,,,,,,,,8.78,,,,,
341,341,Ohio,2017,3700,10176000,0.04,378,743,20,598,125,,32.0,17.0,6799707.0,1794308.0,77.6,4.7,26.39,30038.0,,,,,,,,,,9.84,,,,,
342,342,Oklahoma,2017,1200,4151800,0.03,60,137,14,80,43,,23.0,4.0,2254777.0,517298.0,74.3,4.9,22.94,26472.0,,,,,,,,,,8.2,,,,,
343,343,Oregon,2017,10000,3765500,0.27,564,1345,127,1000,218,,83.0,10.0,2455573.0,756835.0,77.7,4.7,30.82,31950.0,,,,,,,,,,8.81,,,,,
344,344,Pennsylvania,2017,4400,10017000,0.04,388,770,11,630,129,,46.0,19.0,7511505.0,2269407.0,77.7,4.8,30.21,32711.0,,,,,,,,,,10.13,,,,,
345,345,Rhode Island,2017,400,861200,0.05,85,213,25,171,17,,27.0,1.0,638848.0,196397.0,79.9,5.3,30.74,34511.0,,,,,,,,,,16.42,,,,,
346,346,South Carolina,2017,1200,4527900,0.03,243,480,8,408,64,,37.0,11.0,2907477.0,728200.0,75.5,5.4,25.05,27909.0,,,,,,,,,,9.97,,,,,
347,347,South Dakota,2017,100,901400,0.01,26,47,0,33,14,,17.0,3.0,491234.0,125689.0,82.2,3.2,25.59,29611.0,,,,,,,,,,10.05,,,,,
348,348,Tennessee,2017,2900,5612600,0.05,450,1036,35,884,117,,12.0,11.0,3954680.0,1008932.0,75.5,4.5,25.51,28764.0,,,,,,,,,,9.45,,,,,
349,349,Texas,2017,16100,22544400,0.07,1073,2654,134,2282,238,,97.0,25.0,16669222.0,4435730.0,76.6,4.7,26.61,29525.0,,,,,,,,,,8.38,,,,,
350,350,Utah,2017,3600,2578700,0.14,145,379,2,295,82,,23.0,4.0,1748381.0,525079.0,80.0,3.1,30.03,28085.0,,,,,,,,,,8.6,,,,,
351,351,Vermont,2017,700,616100,0.11,173,426,59,322,45,,29.0,1.0,369584.0,124585.0,80.3,3.5,33.71,32443.0,,,,,,,,,,14.6,,,,,
352,352,Virginia,2017,5100,7639400,0.07,474,1094,167,783,144,,33.0,15.0,5097100.0,1825685.0,79.5,4.2,35.82,37442.0,,,,,,,,,,9.18,,,,,
353,353,Washington,2017,21000,6545500,0.32,810,2136,214,1732,190,,73.0,12.0,4465104.0,1447120.0,78.5,4.5,32.41,36975.0,,,,,,,,,,7.94,,,,,
354,354,West Virginia,2017,100,1529200,0.01,69,199,9,161,29,,8.0,8.0,1040313.0,198681.0,67.2,6.3,19.1,24478.0,,,,,,,,,,9.0,,,,,
355,355,Wisconsin,2017,2800,5474500,0.05,283,489,104,325,60,,37.0,14.0,3403962.0,964941.0,81.5,3.2,28.35,31998.0,,,,,,,,,,10.76,,,,,
356,356,Wyoming,2017,100,618900,0.02,37,91,5,46,40,,14.0,2.0,333635.0,82367.0,80.2,4.4,24.69,30883.0,,,,,,,,,,8.28,,,,,
357,357,Alabama,2016,500,4436600,0.01,113,227,23,169,35,,10.0,14.0,2842483.0,648666.0,71.0,5.8,22.82,25810.0,,,,,,,,,,9.56,,,,,
358,358,Alaska,2016,200,656100,0.03,3,5,0,5,0,,12.0,2.0,460009.0,117853.0,80.1,7.5,25.62,34187.0,,,,,,,,,,17.93,,,,,
359,359,Arizona,2016,4700,5640900,0.08,424,988,5,854,129,,44.0,8.0,3934467.0,996375.0,74.6,5.9,25.32,27997.0,,,,,,,,,,10.33,,,,,
360,360,Arkansas,2016,200,2569700,0.01,63,89,7,81,1,,21.0,8.0,1700227.0,352522.0,71.9,4.7,20.73,24264.0,,,,,,,,,,8.13,,,,,
361,361,California,2016,141500,30696700,0.46,4184,13655,1029,11582,1044,,117.0,19.0,23762922.0,7028218.0,76.4,6.1,29.58,33389.0,,,,,,,,,,15.23,,,,,
362,362,Colorado,2016,5300,4951700,0.11,445,978,61,822,95,,78.0,5.0,3392861.0,1216081.0,80.4,4.3,35.84,34542.0,,,,,,,,,,9.83,,,,,
363,363,Connecticut,2016,2000,2992800,0.07,341,725,47,619,59,,32.0,8.0,2140570.0,772450.0,80.9,5.8,36.09,41087.0,,,,,,,,,,17.24,,,,,
364,364,Delaware,2016,300,855900,0.04,30,67,4,49,14,,23.0,3.0,555325.0,158440.0,77.1,5.5,28.53,31712.0,,,,,,,,,,11.09,,,,,
365,365,District Of Columbia,2016,600,313100,0.19,102,241,47,192,2,,,2.0,459352.0,239767.0,79.9,6.5,52.2,50567.0,,,,,,,,,,11.73,,,,,
366,366,Florida,2016,11600,15831800,0.07,965,2091,335,1559,197,,63.0,27.0,11879763.0,3080708.0,75.4,5.6,25.93,28621.0,,,,,,,,,,9.91,,,,,
367,367,Georgia,2016,18000,8545200,0.21,591,1493,171,2303,418,,24.0,16.0,6137352.0,1728176.0,75.6,5.5,28.16,28183.0,,,,,,,,,,9.59,,,,,
368,368,Hawaii,2016,4200,1051600,0.4,249,566,23,488,55,,26.0,2.0,846435.0,244634.0,80.2,4.2,28.9,32634.0,,,,,,,,,,23.87,,,,,
369,369,Idaho,2016,400,1670700,0.02,60,133,2,92,39,,29.0,5.0,943140.0,233857.0,76.3,4.1,24.8,25678.0,,,,,,,,,,8.08,,,,,
370,370,Illinois,2016,5800,10189400,0.06,524,1109,47,943,119,,54.0,15.0,7666463.0,2467068.0,79.2,5.8,32.18,32849.0,,,,,,,,,,9.38,,,,,
371,371,Indiana,2016,1300,5741900,0.02,196,388,9,317,62,,51.0,14.0,3873540.0,928161.0,77.7,4.6,23.96,27464.0,,,,,,,,,,9.22,,,,,
372,372,Iowa,2016,400,3016100,0.01,109,216,33,151,32,,39.0,9.0,1796196.0,481756.0,82.5,3.6,26.82,30047.0,,,,,,,,,,8.55,,,,,
373,373,Kansas,2016,600,2520000,0.02,197,725,7,674,44,,12.0,6.0,1667107.0,503123.0,80.3,4.1,30.18,28950.0,,,,,,,,,,10.49,,,,,
374,374,Kentucky,2016,500,3831900,0.01,82,167,16,120,31,,24.0,9.0,2606540.0,574045.0,72.1,5.4,22.02,26046.0,,,,,,,,,,8.42,,,,,
375,375,Louisiana,2016,400,3736500,0.01,79,155,7,103,45,,17.0,9.0,2761630.0,585164.0,71.8,6.5,21.19,25664.0,,,,,,,,,,7.46,,,,,
376,376,Maine,2016,300,1181200,0.03,111,181,5,149,27,,15.0,4.0,784982.0,218902.0,77.8,3.9,27.89,29604.0,,,,,,,,,,12.8,,,,,
377,377,Maryland,2016,3200,4616800,0.07,499,1129,101,919,109,,54.0,7.0,3640549.0,1323174.0,81.4,5.0,36.35,38662.0,,,,,,,,,,12.21,,,,,
378,378,Massachusetts,2016,3600,5167800,0.07,507,1243,47,1112,84,,52.0,10.0,4148915.0,1654375.0,81.4,4.8,39.87,39771.0,,,,,,,,,,16.48,,,,,
379,379,Michigan,2016,1600,8458700,0.02,534,1122,181,882,59,,37.0,13.0,5856779.0,1524795.0,75.5,5.7,26.03,29128.0,,,,,,,,,,11.05,,,,,
380,380,Minnesota,2016,1600,4794500,0.03,286,687,166,440,81,,115.0,8.0,3260003.0,1068535.0,84.1,3.5,32.78,34515.0,,,,,,,,,,9.99,,,,,
381,381,Mississippi,2016,100,2502500,0.0,41,64,1,46,17,,14.0,4.0,1718710.0,335001.0,70.8,7.2,19.49,22694.0,,,,,,,,,,8.67,,,,,
382,382,Missouri,2016,1400,5541500,0.03,295,1155,18,1047,90,,51.0,8.0,3550493.0,950902.0,77.1,4.6,26.78,28406.0,,,,,,,,,,9.74,,,,,
383,383,Montana,2016,200,988100,0.02,36,76,0,40,36,,24.0,3.0,602662.0,167259.0,78.8,4.4,27.75,28933.0,,,,,,,,,,8.84,,,,,
384,384,Nebraska,2016,300,1820600,0.02,58,116,8,100,8,,16.0,4.0,1093727.0,319828.0,83.6,3.2,29.24,29910.0,,,,,,,,,,9.05,,,,,
385,385,Nevada,2016,2000,2222600,0.09,173,474,15,372,87,,22.0,4.0,1754514.0,359218.0,77.2,6.3,20.47,28117.0,,,,,,,,,,8.39,,,,,
386,386,New Hampshire,2016,400,1307100,0.03,98,181,17,124,40,,31.0,4.0,809289.0,271022.0,81.9,3.3,33.49,36320.0,,,,,,,,,,15.66,,,,,
387,387,New Jersey,2016,4200,6729800,0.06,244,494,34,372,88,,32.0,3.0,5369537.0,1973344.0,79.5,5.7,36.75,38911.0,,,,,,,,,,13.38,,,,,
388,388,New Mexico,2016,500,1673500,0.03,58,135,28,58,49,,31.0,5.0,1190175.0,275072.0,72.3,7.1,23.11,25146.0,,,,,,,,,,9.12,,,,,
389,389,New York,2016,6100,11407600,0.05,862,1677,86,1458,133,,64.0,14.0,12009089.0,4017816.0,77.1,5.6,33.46,35534.0,,,,,,,,,,14.47,,,,,
390,390,North Carolina,2016,2900,8206300,0.04,453,1015,67,812,136,,51.0,19.0,5993280.0,1703741.0,76.2,5.7,28.43,28156.0,,,,,,,,,,9.2,,,,,
391,391,North Dakota,2016,0,765500,0.0,7,9,0,9,0,,13.0,3.0,449834.0,122797.0,84.3,2.4,27.3,33339.0,,,,,,,,,,8.94,,,,,
392,392,Ohio,2016,2600,10088800,0.03,278,499,14,376,109,,31.0,17.0,6814436.0,1775101.0,77.5,5.2,26.05,29164.0,,,,,,,,,,9.84,,,,,
393,393,Oklahoma,2016,600,4168300,0.01,54,103,6,59,38,,23.0,4.0,2263233.0,516410.0,74.1,5.7,22.82,25880.0,,,,,,,,,,7.83,,,,,
394,394,Oregon,2016,7700,3678500,0.21,542,1249,150,894,205,,83.0,10.0,2434595.0,726561.0,76.7,5.2,29.84,30822.0,,,,,,,,,,8.83,,,,,
395,395,Pennsylvania,2016,3200,9984200,0.03,352,654,13,530,111,,46.0,19.0,7531034.0,2242218.0,77.3,5.3,29.77,31272.0,,,,,,,,,,10.19,,,,,
396,396,Rhode Island,2016,300,857600,0.03,80,201,25,160,16,,26.0,1.0,638364.0,200099.0,78.6,5.7,31.35,33008.0,,,,,,,,,,16.28,,,,,
397,397,South Carolina,2016,800,4416800,0.02,200,364,8,308,48,,36.0,11.0,2885619.0,712028.0,74.9,5.8,24.68,27016.0,,,,,,,,,,9.79,,,,,
398,398,South Dakota,2016,100,872000,0.01,23,40,0,26,14,,17.0,3.0,487777.0,129304.0,82.1,3.3,26.51,28585.0,,,,,,,,,,9.83,,,,,
399,399,Tennessee,2016,2600,5486700,0.05,428,970,34,833,103,,12.0,11.0,3930228.0,964848.0,73.9,5.1,24.55,27087.0,,,,,,,,,,9.23,,,,,
400,400,Texas,2016,11900,22306700,0.05,998,2386,205,1993,188,,97.0,25.0,16414366.0,4270601.0,76.6,5.1,26.02,28714.0,,,,,,,,,,8.43,,,,,
401,401,Utah,2016,2500,2482200,0.1,127,291,4,207,80,,23.0,4.0,1717538.0,480048.0,79.2,3.6,27.95,26993.0,,,,,,,,,,8.72,,,,,
402,402,Vermont,2016,300,613400,0.05,161,380,57,276,47,,29.0,1.0,371704.0,120674.0,80.3,3.5,32.47,31836.0,,,,,,,,,,14.46,,,,,
403,403,Virginia,2016,3100,7403200,0.04,427,991,174,685,132,,33.0,15.0,5070139.0,1794747.0,79.5,4.6,35.4,36206.0,,,,,,,,,,9.09,,,,,
404,404,Washington,2016,14900,6228400,0.24,738,1791,238,1424,129,,73.0,12.0,4399685.0,1405723.0,77.7,5.0,31.95,35284.0,,,,,,,,,,7.68,,,,,
405,405,West Virginia,2016,100,1524400,0.01,43,96,5,86,5,,8.0,8.0,1063143.0,210760.0,68.0,7.2,19.82,24769.0,,,,,,,,,,8.98,,,,,
406,406,Wisconsin,2016,2600,5368300,0.05,280,445,123,272,50,,37.0,14.0,3410854.0,937935.0,81.4,3.8,27.5,30902.0,,,,,,,,,,10.67,,,,,
407,407,Wyoming,2016,100,615100,0.02,32,63,1,38,24,,14.0,2.0,341353.0,82597.0,80.3,5.1,24.2,30042.0,,,,,,,,,,8.19,,,,,
